f,l,l0
1.0,-22.6721377317547,-22.707463739741854
2.0,-21.683479364682753,-21.766646304267333
3.0,-21.401756039900075,-21.543664106000946
4.0,-21.212510118795123,-21.434179393773665
5.0,-21.025647714704725,-21.351051497740578
6.0,-20.816406741617833,-21.27191291325788
7.0,-20.57419391577007,-21.189032397903908
8.0,-20.29211127136049,-21.099223018517762
9.0,-19.963841542081504,-21.001025021385495
10.0,-19.582360837498182,-20.89373429068548
11.0,-19.139191362463794,-20.77701263614291
12.0,-18.6238303812522,-20.65071216057726
13.0,-18.02326259369563,-20.51478812843007
14.0,-17.32159360080553,-20.369251930118676
15.0,-16.499983134555443,-20.214143617377275
16.0,-15.537324404542405,-20.049514605834105
17.0,-14.412737736956618,-19.875415947393982
18.0,-13.11247371634503,-19.691889793538117
19.0,-11.647373747310148,-19.498962751784184
20.0,-10.09293004937323,-19.296640388116252
21.0,-8.658628824268586,-19.0849024181951
22.0,-7.7127285677555815,-18.863698286167804
23.0,-7.551786605955933,-18.632942913907844
24.0,-8.062907108399187,-18.392512446962456
25.0,-8.873655003680227,-18.142239842631458
26.0,-9.70077262889003,-17.881910148831498
27.0,-10.41992884698499,-17.61125531373755
28.0,-10.998093725364555,-17.32994834704791
29.0,-11.439252987596182,-17.03759662368666
30.0,-11.759062776259652,-16.733734077904984
31.0,-11.974945042336849,-16.41781197652491
32.0,-12.10265895184547,-16.089187878920374
33.0,-12.155378124369156,-15.747112279864941
34.0,-12.143681054058623,-15.39071227701937
35.0,-12.075833131414011,-15.018971388549655
36.0,-11.958122536617392,-14.630704338851888
37.0,-11.795163644817656,-14.224525185531569
38.0,-11.590140761259129,-13.798806504359469
39.0,-11.344986931807377,-13.351626357696704
40.0,-11.060499014102305,-12.88069823466974
41.0,-10.736389735681156,-12.383276692119088
42.0,-10.371273133738404,-11.856027343477802
43.0,-9.962571761600055,-11.294842760489178
44.0,-9.506320164129647,-10.694572873526205
45.0,-8.99681317938446,-10.048612953142067
46.0,-8.425993346821437,-9.348237277459381
47.0,-7.782340652871488,-8.581431538250229
48.0,-7.048639899789099,-7.730572155322408
49.0,-6.196396779331601,-6.7666037811563
50.0,-5.163648021203809,-5.625503850931225
51.0,-3.795360631417359,-4.146469969671117
52.0,-1.8946540397770806,-2.1355583541449823
53.0,0.6256765553158,0.4801031382241068
54.0,3.5027382744158313,3.42351945147698
55.0,6.255210173771402,6.215577172863773
56.0,8.502745969677717,8.485432291256831
57.0,10.040758845761674,10.033344639456303
58.0,10.928089592389657,10.92470946200157
59.0,11.35612778251867,11.352841764553148
60.0,11.659546560880912,11.657815059427621
61.0,11.772028672590238,11.770685047460427
62.0,11.4701869857017,11.4691059374147
63.0,10.360328597134226,10.351311767363478
64.0,8.376063772063931,8.346524683796162
65.0,5.85068988961981,5.788634499562191
66.0,3.0243107451094646,2.9036396846432777
67.0,0.3149612597926992,0.09549826402058229
68.0,-1.879466564244606,-2.2353321545309077
69.0,-3.4592378330435594,-3.96419939948037
70.0,-4.580270513180292,-5.230438443717204
71.0,-5.433855713357926,-6.229517857978591
72.0,-6.132706111437609,-7.082105392377246
73.0,-6.71934012383812,-7.832025329012437
74.0,-7.21762946117376,-8.502714111011256
75.0,-7.643611154421937,-9.109249885291291
76.0,-8.008969771377313,-9.662192910353989
77.0,-8.322648112070882,-10.169317898968586
78.0,-8.59172982677866,-10.636542544453322
79.0,-8.821970431358135,-11.068478230333039
80.0,-9.018137205789621,-11.468779311334078
81.0,-9.184237207759715,-11.840375481854677
82.0,-9.323676226103277,-12.185631924735922
83.0,-9.439373294447552,-12.506462619179741
84.0,-9.533845578710654,-12.804412015985783
85.0,-9.609272873003883,-13.080714581268818
86.0,-9.667547627008343,-13.336338339173018
87.0,-9.710314393017011,-13.572016465608613
88.0,-9.73900129216487,-13.788269653567953
89.0,-9.75484525955508,-13.985421086631415
90.0,-9.758912263516548,-14.163605248936285
91.0,-9.752113300011992,-14.322771364480488
92.0,-9.735216673024167,-14.462681932433586
93.0,-9.708856841635495,-14.582906566802595
94.0,-9.673539912983694,-14.682811129998543
95.0,-9.629645661924936,-14.761541949415168
96.0,-9.577425739083914,-14.818004706207088
97.0,-9.516997462250067,-14.850837368326788
98.0,-9.44833223754865,-14.858376284831705
99.0,-9.371237178509071,-14.838614237841444
100.0,-9.285327812132149,-14.789148822114145
101.0,-9.189988772868471,-14.70711892874776
102.0,-9.08431791854328,-14.589126253161247
103.0,-8.967047087250764,-14.431137476314715
104.0,-8.836429316879817,-14.228360839171724
105.0,-8.690077061532302,-13.975087853271662
106.0,-8.524727598716579,-13.664486235018742
107.0,-8.335898510866253,-13.288322799721081
108.0,-8.11737470444314,-12.836583364556752
109.0,-7.8604338855506874,-12.296938101817922
110.0,-7.552662279695166,-11.653971437315962
111.0,-7.17612768937205,-10.888051057268108
112.0,-6.704560790171419,-9.97365136761595
113.0,-6.099093859181934,-8.87690759937631
114.0,-5.302289413045788,-7.552368576141561
115.0,-4.231937309717971,-5.940427291054206
116.0,-2.7854329461406624,-3.9753475715944364
117.0,-0.9111577689789421,-1.657755538923067
118.0,1.0264456158915471,0.5805908116170365
119.0,1.5905110243064804,1.204806867722204
120.0,0.10998911856063348,-0.5117507792747088
121.0,-1.8588415118169705,-2.9456142454141085
122.0,-3.437366651985827,-5.146831540333082
123.0,-4.554520518807937,-6.9812232523915805
124.0,-5.315949460393176,-8.501084774491112
125.0,-5.826799183557404,-9.772832728574693
126.0,-6.164766443893615,-10.849667682925137
127.0,-6.383087556132628,-11.771322684096557
128.0,-6.51747998651615,-12.567412428674638
129.0,-6.591901688704564,-13.260351000171035
130.0,-6.622567813806626,-13.867429170526053
131.0,-6.620596339778327,-14.402234056523797
132.0,-6.593719495351603,-14.875620277391752
133.0,-6.547389986977731,-15.2963844673197
134.0,-6.485501501957428,-15.671743259114479
135.0,-6.410863523327398,-16.007679258013436
136.0,-6.325518512355308,-16.309196672792332
137.0,-6.23095680100764,-16.580513845578324
138.0,-6.1282642104760585,-16.825210791591903
139.0,-6.018224784029087,-17.046344017857148
140.0,-5.901393126162185,-17.24653709561639
141.0,-5.778145852330107,-17.428052955096597
142.0,-5.648718465034822,-17.59285218634801
143.0,-5.513231907080527,-17.742640476285636
144.0,-5.371711687395129,-17.87890750781684
145.0,-5.224101572905818,-18.002959076193264
146.0,-5.070273231425632,-18.1159437657019
147.0,-4.910032794013347,-18.218875227505784
148.0,-4.743125015845381,-18.312650874256434
149.0,-4.569235510080322,-18.39806763700212
150.0,-4.387991381693772,-18.47583529978624
151.0,-4.198960479189806,-18.54658782663159
152.0,-4.001649398742785,-18.610893016878805
153.0,-3.795500308789265,-18.66926076273042
154.0,-3.579886606918558,-18.72215013344135
155.0,-3.3541073701785447,-18.76997547100656
156.0,-3.1173805105940913,-18.813111650270624
157.0,-2.8688344961980317,-18.851898630487934
158.0,-2.607498440679338,-18.88664540424832
159.0,-2.3322902981023756,-18.917633432386655
160.0,-2.0420028187642445,-18.94511963926493
161.0,-1.735286823063227,-18.96933903106305
162.0,-1.410631226153737,-18.99050698996993
163.0,-1.066339089911192,-19.008821289064038
164.0,-0.7004987820676355,-19.024463865909922
165.0,-0.310949076880433,-19.037602387237243
166.0,0.10476326882220949,-19.048391632320442
167.0,0.5494352839141359,-19.056974718679275
168.0,1.026271097885116,-19.063484190348362
169.0,1.5389593395451584,-19.0680429861117
170.0,2.091767244315313,-19.07076530267952
171.0,2.689653456942188,-19.071757365731358
172.0,3.338399038817802,-19.071118119996672
173.0,4.0447492961853335,-19.068939848053947
174.0,4.816541752102411,-19.06530872624885
175.0,5.662753817477363,-19.060305325039973
176.0,6.5933039541175,-19.05400506013759
177.0,7.618202064930577,-19.046478599995226
178.0,8.745079680100705,-19.037792234513905
179.0,9.972832971668847,-19.02800820921818
180.0,11.276488471934217,-19.017185028641737
181.0,12.575339621533264,-19.00537773220859
182.0,13.684731515108837,-18.992638145504003
183.0,14.30997922139401,-18.97901510948804
184.0,14.21486597752757,-18.964554689907377
185.0,13.463635846523074,-18.94930036890259
186.0,12.347701694742359,-18.933293220579973
187.0,11.127859718212571,-18.9165720721198
188.0,9.943921601802097,-18.89917365181835
189.0,8.850442895666355,-18.881132725308618
190.0,7.860797005676888,-18.862482221068763
191.0,6.971719921875229,-18.843253346211778
192.0,6.174304661460944,-18.823475693441566
193.0,5.4584821543643525,-18.80317733997252
194.0,4.8147014306026295,-18.782384939123816
195.0,4.23445915489872,-18.76112380523064
196.0,3.7103750841778593,-18.73941799244851
197.0,3.236102378061817,-18.71729036797013
198.0,2.806190596144233,-18.69476268012381
199.0,2.4159475160823862,-18.67185562177668
200.0,2.0613159594886543,-18.64858888942602
201.0,1.738769541028441,-18.624981238325883
202.0,1.4452265041024446,-18.601050533963413
203.0,1.177979233117217,-18.576813800171244
204.0,0.9346367636112165,-18.552287264135256
205.0,0.7130778371915987,-18.527486398535444
206.0,0.5114124229399408,-18.50242596103421
207.0,0.3279500096385624,-18.47712003131029
208.0,0.1611733122902355,-18.451582045817474
209.0,0.009716318646193342,-18.42582483043265
210.0,-0.12765417107318455,-18.399860631144314
211.0,-0.25205417794192975,-18.37370114291943
212.0,-0.3644958769627362,-18.347357536875204
213.0,-0.46589904368925095,-18.320840485872896
214.0,-0.5571009440716231,-18.29416018864023
215.0,-0.6388649298803594,-18.267326392521287
216.0,-0.7118879499148844,-18.240348414945025
217.0,-0.7768071464471672,-18.213235163695852
218.0,-0.8342056743971562,-18.185995156064145
219.0,-0.8846178555862101,-18.158636536948187
220.0,-0.928533760528347,-18.13116709597327
221.0,-0.9664032944132008,-18.103594283690313
222.0,-0.9986398512997392,-18.075925226909835
223.0,-1.0256235903766795,-18.048166743224613
224.0,-1.047704379916186,-18.020325354769703
225.0,-1.0652044478369158,-17.99240730126532
226.0,-1.0784207722809454,-17.96441855238512
227.0,-1.0876272410489027,-17.936364819488613
228.0,-1.093076604936313,-17.90825156675518
229.0,-1.095002246822567,-17.880084021753035
230.0,-1.0936197856650647,-17.85186718547539
231.0,-1.0891285322531528,-17.823605841873604
232.0,-1.081712811607564,-17.795304566914318
233.0,-1.0715431652134946,-17.766967737187713
234.0,-1.0587774448040286,-17.73859953808949
235.0,-1.0435618081282814,-17.71020397160081
236.0,-1.0260316260160405,-17.68178486368611
237.0,-1.0063123090638006,-17.65334587132918
238.0,-0.9845200613959657,-17.62489048922588
239.0,-0.9607625681835928,-17.59642205615091
240.0,-0.9351396229175488,-17.5679437610147
241.0,-0.9077436998222346,-17.539458648625857
242.0,-0.8786604762503056,-17.510969625173377
243.0,-0.8479693094098983,-17.48247946344165
244.0,-0.8157436713368977,-17.453990807771333
245.0,-0.7820515456295243,-17.425506178777233
246.0,-0.7469557891056458,-17.39702797783439
247.0,-0.7105144612205825,-17.36855849134298
248.0,-0.672781123789855,-17.340099894780728
249.0,-0.6338051132946886,-17.311654256552615
250.0,-0.5936317878040988,-17.283223541645903
251.0,-0.5523027503235353,-17.25480961509819
252.0,-0.5098560501737839,-17.226414245285923
253.0,-0.46632636381221493,-17.19803910703981
254.0,-0.42174515632989545,-17.169685784593792
255.0,-0.3761408246898496,-17.141355774372798
256.0,-0.3295388236123306,-17.11305048762516
257.0,-0.28196177485989793,-17.084771252903657
258.0,-0.23342956052697839,-17.056519318400834
259.0,-0.18395940079304396,-17.028295854141273
260.0,-0.13356591645387117,-17.000101954035337
261.0,-0.0822611763992959,-16.971938637796992
262.0,-0.030054730056488017,-16.943806852728656
263.0,0.02304637533763896,-16.915707475375513
264.0,0.0770375929349272,-16.887641313051066
265.0,0.13191689042075186,-16.859609105235155
266.0,0.18768478077006467,-16.83161152484629
267.0,0.24434437048817118,-16.803649179388255
268.0,0.3019014264406194,-16.77572261197162
269.0,0.36036446263579136,-16.747832302209563
270.0,0.41974484861663897,-16.719978666987828
271.0,0.4800569414520734,-16.69216206110712
272.0,0.5413182437020904,-16.66438277779662
273.0,0.6035495901737818,-16.63664104909583
274.0,0.666775366800574,-16.608937046102717
275.0,0.7310237655784391,-16.581270879083874
276.0,0.7963270801987563,-16.553642597443055
277.0,0.8627220478495817,-16.526052189542884
278.0,0.9302502436414873,-16.498499582374663
279.0,0.9989585352837349,-16.47098464106881
280.0,1.0688996070309829,-16.44350716823965
281.0,1.1401325635894168,-16.416066903155254
282.0,1.2127236266749917,-16.388663520723163
283.0,1.2867469393312883,-16.36129663028107
284.0,1.3622854960348574,-16.33396577418052
285.0,1.439432220159837,-16.306670426149747
286.0,1.5182912146901162,-16.2794099894206
287.0,1.5989792173429975,-16.252183794602118
288.0,1.6816272977405848,-16.22499109728199
289.0,1.766382842234443,-16.1978310753337
290.0,1.8534118818388978,-16.170702825906076
291.0,1.9429018309495332,-16.143605362067582
292.0,2.035064719745813,-16.11653760907535
293.0,2.1301410222133867,-16.089498400235097
294.0,2.228404205624373,-16.062486472313648
295.0,2.330166157450033,-16.035500460461346
296.0,2.4357836838334768,-16.008538892596377
297.0,2.5456663222561904,-15.981600183196651
298.0,2.660285772961464,-15.954682626438437
299.0,2.78018733310057,-15.927784388612565
300.0,2.90600381980548,-15.900903499740878
301.0,3.0384726005859624,-15.874037844304311
302.0,3.178456521086318,-15.847185150983032
303.0,3.3269697439909915,-15.820342981295344
304.0,3.485209805711156,-15.793508717006224
305.0,3.654597582185573,-15.766679546158489
306.0,3.836827362267515,-15.739852447559084
307.0,4.033929897784638,-15.713024173528298
308.0,4.248352188297774,-15.686191230691932
309.0,4.483058938221063,-15.659349858563905
310.0,4.741662186479722,-15.632496005627852
311.0,5.028587659871064,-15.605625302582563
312.0,5.349289017703271,-15.578733032362281
313.0,5.710524206878831,-15.55181409648216
314.0,6.120710595271635,-15.524862977185009
315.0,6.590372694648133,-15.4978736947796
316.0,7.13266860165845,-15.470839759457778
317.0,7.763848151947805,-15.44375411675481
318.0,8.502928603596859,-15.416609085671434
319.0,9.367717717525,-15.389396288300368
320.0,10.359242127668526,-15.362106569588816
321.0,11.438217509736418,-15.334729905613747
322.0,12.568233006401215,-15.307255298437962
323.0,13.743865109282304,-15.279670655238913
324.0,14.792945058441962,-15.251962648944765
325.0,15.327806112998664,-15.224116557048973
326.0,15.059098941055929,-15.196116074583905
327.0,14.139906685344943,-15.167943096378139
328.0,12.960542323273962,-15.139577462660515
329.0,11.79861198225903,-15.110996660747913
330.0,10.770550039283691,-15.082175473893306
331.0,9.904497316509893,-15.053085566274408
332.0,9.193246639030036,-15.023694990450565
333.0,8.618380959758296,-14.993967600232923
334.0,8.159703375436054,-14.963862347577813
335.0,7.798223752056374,-14.933332436523505
336.0,7.516241781509746,-14.902324299934321
337.0,7.298124125886341,-14.870776355334943
338.0,7.133201546013106,-14.838617483641286
339.0,7.0144554095463985,-14.805765158053998
340.0,6.935554740247776,-14.772123128280157
341.0,6.890705917410111,-14.737578535477201
342.0,6.875057317771022,-14.701998292860148
343.0,6.884716162632893,-14.665224511440268
344.0,6.916605990249432,-14.627068673564445
345.0,6.968315056212657,-14.587304149513624
346.0,7.037971144201464,-14.545656500579803
347.0,7.124144085363201,-14.501790794955498
348.0,7.225770986196261,-14.455294848678886
349.0,7.34209923896863,-14.405656843672798
350.0,7.4726434622224485,-14.352235091627977
351.0,7.617153508230073,-14.29421668373447
352.0,7.775591442650445,-14.230560194648504
353.0,7.948115987777654,-14.159915171455468
354.0,8.135073379903838,-14.080507298148486
355.0,8.336993970117636,-13.98997198018159
356.0,8.554594236520394,-13.885109104663583
357.0,8.788784216071893,-13.761515263709622
358.0,9.040680762254977,-13.613022264506098
359.0,9.311627586210285,-13.430824679919468
360.0,9.603223935874546,-13.202102368474677
361.0,9.917365437668751,-12.907819790769121
362.0,10.25630409398132,-12.519202490293491
363.0,10.622742273506242,-11.992208860448558
364.0,11.019994154326689,-11.259529878666608
365.0,11.452289669800708,-10.222232375224223
366.0,11.92533260155572,-8.757540043430996
367.0,12.446518400643544,-6.829699447022439
368.0,13.017253103242714,-5.015859944428818
369.0,13.615994059958902,-4.995614176488495
370.0,14.25885106699375,-6.762254242587453
371.0,14.981247239363135,-8.635485670665808
372.0,15.791537787466144,-10.041660355472606
373.0,16.697190171739233,-11.018028330196172
374.0,17.708765693675442,-11.688209519795947
375.0,18.836346770121317,-12.151674648787129
376.0,20.08222774945317,-12.47603578476937
377.0,21.423630938449662,-12.705470980360987
378.0,22.773938096427617,-12.868784665988136
379.0,23.91923928845182,-12.984977802009727
380.0,24.507389212135724,-13.066796983561735
381.0,24.27664022016748,-13.122949511610702
382.0,23.35358368338536,-13.159488374932785
383.0,22.09882033617628,-13.180688147957493
384.0,20.78954172598429,-13.189607557296322
385.0,19.55533624597055,-13.188456910577568
386.0,18.438599451789614,-13.17884207670005
387.0,17.444601352831995,-13.161928991828656
388.0,16.565600405830743,-13.138556052219263
389.0,15.790219333110693,-13.109311679239275
390.0,15.104681195870375,-13.074588140534452
391.0,14.493521269625935,-13.034618831357905
392.0,13.948220806985368,-12.989503749491567
393.0,13.464388722179317,-12.939226293819932
394.0,13.036137750239964,-12.883663453572956
395.0,12.657363004515101,-12.822590732184594
396.0,12.322679679014,-12.755682641507684
397.0,12.027472862371306,-12.682509228880933
398.0,11.767772750684262,-12.602528808708495
399.0,11.540137588287656,-12.515076825742742
400.0,11.34156394850103,-12.419350552863488
401.0,11.169418837943557,-12.314389100861478
402.0,11.021387326197917,-12.199047972818564
403.0,10.8954312958128,-12.071967112113164
404.0,10.789756417136452,-11.93153104914691
405.0,10.702785441154766,-11.775819320320743
406.0,10.633136551317055,-11.602544776790374
407.0,10.579605965300614,-11.408976667630382
408.0,10.541154322731195,-11.19184439394953
409.0,10.516896701451747,-10.947216465847102
410.0,10.506096434157753,-10.67034725832623
411.0,10.508163325931957,-10.355481334883214
412.0,10.52265752410246,-9.995600849497944
413.0,10.549301390015845,-9.582094931731941
414.0,10.588003715361324,-9.104319443041703
415.0,10.638904456246268,-8.548998452459358
416.0,10.702455915247832,-7.899391099324813
417.0,10.77957285231787,-7.134103805079719
418.0,10.871921260912016,-6.225366102567556
419.0,10.982503881897827,-5.136536961083302
420.0,11.116918086957387,-3.818759831403484
421.0,11.286185119873718,-2.2080694441710356
422.0,11.512919805987734,-0.232309336060649
423.0,11.838989590814915,2.119546674972628
424.0,12.275575424687764,4.4330486084778515
425.0,12.535514104165026,5.1440048958935956
426.0,12.443256719137011,3.459838863632661
427.0,12.398746228404274,1.0571038281078933
428.0,12.494184700202268,-1.0863255475433051
429.0,12.682128767212614,-2.840321900994785
430.0,12.93452326994908,-4.263057538323515
431.0,13.243205592118418,-5.425344530411042
432.0,13.61125410221324,-6.383825602403919
433.0,14.050046146877065,-7.181097691111026
434.0,14.579899702281192,-7.8492054380055585
435.0,15.23193333130354,-8.412609408114065
436.0,16.041942016553065,-8.890288800610435
437.0,17.00248299384227,-9.297186545354108
438.0,17.987493893294197,-9.6452119652404
439.0,18.712894614535287,-9.943951774864896
440.0,18.915560678697506,-10.20118653845065
441.0,19.018224059110413,-10.4232742743837
442.0,19.467063790822856,-10.615440858276317
443.0,20.224030234397357,-10.78200331664248
444.0,21.15881608762333,-10.926543667592792
445.0,22.322328316510365,-11.052045600572072
446.0,23.62783263393423,-11.161002779977983
447.0,24.761731124208943,-11.255505194986842
448.0,25.24169388627719,-11.337308339089427
449.0,24.78424745284355,-11.407888834926194
450.0,23.65416148882688,-11.468489267688916
451.0,22.304883216853945,-11.520154355471679
452.0,21.00758624445973,-11.563760103510452
453.0,19.86029584117429,-11.60003721812937
454.0,18.880690473233827,-11.629589765375638
455.0,18.05806306826978,-11.652909827130319
456.0,17.374044227376398,-11.67038871775362
457.0,16.80993201111229,-11.682325164456797
458.0,16.349044762687825,-11.688930714232926
459.0,15.977324856096136,-11.690332500225827
460.0,15.683377957925472,-11.686573372179703
461.0,15.458390966487134,-11.677609259993655
462.0,15.296116058998575,-11.663303485994076
463.0,15.193038330070314,-11.643417557489306
464.0,15.148859919129547,-11.617597739725237
465.0,15.167506354188443,-11.58535640775689
466.0,15.258961150311197,-11.546046772252685
467.0,15.442121402509057,-11.498829023783735
468.0,15.747036549487074,-11.44262517788819
469.0,16.20436482617253,-11.37605883505757
470.0,16.779287273017285,-11.297374558347837
471.0,17.279063595148042,-11.204329415099142
472.0,17.64358122052528,-11.094046132493101
473.0,18.130791040308598,-10.962812846119032
474.0,18.667716542550785,-10.80580794585167
475.0,18.75496405576804,-10.616719138748543
476.0,18.211889029940338,-10.387212285184669
477.0,17.448971575124965,-10.106186120732414
478.0,16.80790203178075,-9.758721580194937
479.0,16.365206862484712,-9.324597225068214
480.0,16.090000431455216,-8.776196210197233
481.0,15.938258970309334,-8.075590754969973
482.0,15.877357618304767,-7.170642164142011
483.0,15.888253805652086,-5.990532097911916
484.0,15.963988257475494,-4.444542931933401
485.0,16.10883495587537,-2.4468698143706664
486.0,16.333221622119066,-0.08995387923438614
487.0,16.607982565432117,1.6586113799369944
488.0,16.795630094094903,1.007733020159311
489.0,16.825415945838433,-1.2307863730574906
490.0,16.746070301124018,-3.4170363672161135
491.0,16.66436778097275,-5.152909020201967
492.0,16.635292897461092,-6.47837022511193
493.0,16.65849126137129,-7.488547360499965
494.0,16.719865421509635,-8.264190552852462
495.0,16.80754337789606,-8.865729056275422
496.0,16.91377760892231,-9.337191936669052
497.0,17.033895282147306,-9.710568752884775
498.0,17.16529247336245,-10.009211659907438
499.0,17.306936363356677,-10.25029887938253
500.0,17.459463627533104,-10.446581756413051
501.0,17.626128341803266,-10.607617876511792
502.0,17.814129299965273,-10.740642780488026
503.0,18.023489832575077,-10.851189083172478
504.0,18.200628722707,-10.943529052590627
505.0,18.32358176566951,-11.020993406475714
506.0,18.450556852654515,-11.086202859073444
507.0,18.601843735045964,-11.141237762043726
508.0,18.769932123623636,-11.187763492754708
509.0,18.9484340653227,-11.227123955482606
510.0,19.134399824450256,-11.260411914768309
511.0,19.326538124147604,-11.288522354187016
512.0,19.524286861121514,-11.312193293648793
513.0,19.727425742301634,-11.332037263705953
514.0,19.93591100495654,-11.3485657630923
515.0,20.149800460599515,-11.362208404874877
516.0,20.369217488536385,-11.37332801132118
517.0,20.59433304248333,-11.382232595771766
518.0,20.825356599198486,-11.389184935449162
519.0,21.062531880794218,-11.394410267177557
520.0,21.30613533809285,-11.398102510885888
521.0,21.556476389606978,-11.400429331143174
522.0,21.813898910844323,-11.401536276034518
523.0,22.07878373424709,-11.401550179142909
524.0,22.35155207380593,-11.400581969719719
525.0,22.63266988883112,-11.398729005022874
526.0,22.922653278742633,-11.396077014872617
527.0,23.222075072633636,-11.392701729957398
528.0,23.53157285621095,-11.388670251010344
529.0,23.851858775978535,-11.384042204698805
530.0,24.18373158966496,-11.378870723195389
531.0,24.52809161140903,-11.373203277383064
532.0,24.885959457751262,-11.367082388070216
533.0,25.258499879081874,-11.360546235139433
534.0,25.64705252938179,-11.353629180982544
535.0,26.05317239487786,-11.34636222169705
536.0,26.478683945192316,-11.33877337719047
537.0,26.925755159425098,-11.330888029448282
538.0,27.3970007894864,-11.322729216677452
539.0,27.89562889926799,-11.314317889774504
540.0,28.42565039651374,-11.305673136528425
541.0,28.992173294743417,-11.296812378112453
542.0,29.601779446209164,-11.287751541709415
543.0,30.26283989131031,-11.27850521252704
544.0,30.985024307911285,-11.269086767968615
545.0,31.775151930838636,-11.259508496314766
546.0,32.62174975644738,-11.249781701927981
547.0,33.46662333919643,-11.239916798703138
548.0,34.233752497132876,-11.229923393242691
549.0,34.97179057264368,-11.219810359030042
550.0,35.80995971688958,-11.209585902699246
551.0,36.770633794442865,-11.199257623350881
552.0,37.78529692772061,-11.188832565737627
553.0,38.82781831691414,-11.178317268034393
554.0,39.92814924642096,-11.16771780481594
555.0,41.01036425004455,-11.157039825784699
556.0,41.84411258427194,-11.146288590723966
557.0,42.139404816687744,-11.135469001091884
558.0,41.76111973036533,-11.124585628621306
559.0,40.85623957287776,-11.113642741246217
560.0,39.692353506713026,-11.102644326637197
561.0,38.46980155313372,-11.091594113595328
562.0,37.289390888379934,-11.080495591524581
563.0,36.18927309256754,-11.069352028177953
564.0,35.177836445320565,-11.05816648585018
565.0,34.25133338294365,-11.046941836170511
566.0,33.40187667728587,-11.035680773632325
567.0,32.62078472801072,-11.024385827981147
568.0,31.899872275161517,-11.013059375569703
569.0,31.23186874187273,-11.001703649776932
570.0,30.610479959491478,-10.990320750577814
571.0,30.0303147888648,-10.978912653341624
572.0,29.486770326474378,-10.967481216928459
573.0,28.9759139361838,-10.956028191146496
574.0,28.494376355753218,-10.94455522362653
575.0,28.039259902650947,-10.933063866164112
576.0,27.608061635453517,-10.921555580575426
577.0,27.198609813536727,-10.910031744107735
578.0,26.809011623173667,-10.898493654441799
579.0,26.437610225091554,-10.88694253432007
580.0,26.082949426796475,-10.875379535830758
581.0,25.7437445634616,-10.863805744375817
582.0,25.418858432335128,-10.852222182347518
583.0,25.107281350529185,-10.840629812536536
584.0,24.808114592647236,-10.829029541292034
585.0,24.520556616786216,-10.817422221452606
586.0,24.243891610610685,-10.805808655064986
587.0,23.977479989140672,-10.794189595906111
588.0,23.720750557798254,-10.78256575182263
589.0,23.473194122632577,-10.77093778690059
590.0,23.234358388418535,-10.759306323477132
591.0,23.00384403802401,-10.74767194400476
592.0,22.78130193640824,-10.736035192777827
593.0,22.566431453283826,-10.724396577530111
594.0,22.358979953704385,-10.712756570911461
595.0,22.15874357034285,-10.701115611850797
596.0,21.965569451169973,-10.689474106811998
597.0,21.779359780122533,-10.677832430948822
598.0,21.60007800828266,-10.666190929164026
599.0,21.427757926804688,-10.654549917077718
600.0,21.262516486766494,-10.642909681909261
601.0,21.104571665325174,-10.631270483276587
602.0,20.954267253418365,-10.619632553916494
603.0,20.812107292975544,-10.607996100328785
604.0,20.678804170185966,-10.596361303347024
605.0,20.555346310632064,-10.584728318638296
606.0,20.44309439329936,-10.573097277133632
607.0,20.343919588684628,-10.561468285390836
608.0,20.26040443959453,-10.549841425891003
609.0,20.196137997222845,-10.53821675726943
610.0,20.156153536250905,-10.52659431448171
611.0,20.14758145294701,-10.51497410890512
612.0,20.180621315182954,-10.503356128375248
613.0,20.269963993536905,-10.491740337157506
614.0,20.436766221486437,-10.48012667585275
615.0,20.711015943413358,-10.46851506123583
616.0,21.133057997323405,-10.456905386025774
617.0,21.749538288882718,-10.44529751858563
618.0,22.58922142325745,-10.433691302549825
619.0,23.585379609160636,-10.422086556376373
620.0,24.42887051270871,-10.41048307282076
621.0,24.593779792762327,-10.398880618328135
622.0,23.922865720856336,-10.387278932339484
623.0,22.85569083451054,-10.375677726507375
624.0,21.81098726557557,-10.364076683815846
625.0,20.939612376273033,-10.352475457598736
626.0,20.248791482271564,-10.340873670449696
627.0,19.7050550002646,-10.329270913016552
628.0,19.27245922705164,-10.317666742671799
629.0,18.922116914241474,-10.306060682049909
630.0,18.632734868049884,-10.294452217441357
631.0,18.38905351212407,-10.282840797031675
632.0,18.180196465597064,-10.271225828972987
633.0,17.99837966051524,-10.259606679273823
634.0,17.83799149758635,-10.247982669491174
635.0,17.694961695302126,-10.23635307420739
636.0,17.566338138506662,-10.224717118272103
637.0,17.450013763017502,-10.213073973787267
638.0,17.344570563088084,-10.201422756810652
639.0,17.24923513748448,-10.189762523750561
640.0,17.16398007267263,-10.17809226742077
641.0,17.08988331989519,-10.166410912721492
642.0,17.030023200293055,-10.154717311907525
643.0,16.991411666621513,-10.143010239400352
644.0,16.987185236794527,-10.131288386095063
645.0,17.02236909328271,-10.119550353107334
646.0,17.01823417154355,-10.10779464489811
647.0,16.895239587163584,-10.096019661705837
648.0,16.761297000651805,-10.084223691206695
649.0,16.669192446684328,-10.07240489931273
650.0,16.610695361805014,-10.060561320005233
651.0,16.576914711359525,-10.048690844086913
652.0,16.565451544407537,-10.036791206719792
653.0,16.578562701744147,-10.02485997359678
654.0,16.62150706069547,-10.012894525573035
655.0,16.6993891042643,-10.000892041557297
656.0,16.80760133025516,-9.988849479433853
657.0,16.91267688771324,-9.976763554750248
658.0,16.947272591166733,-9.964630716865543
659.0,16.86822272136196,-9.952447122204937
660.0,16.713222067582073,-9.940208604210358
661.0,16.548774883897405,-9.927910639508994
662.0,16.410061521736598,-9.915548309742338
663.0,16.303046047590414,-9.903116258403543
664.0,16.22279211267555,-9.890608641917908
665.0,16.162910887701365,-9.878019074066202
666.0,16.118245068914575,-9.865340562688633
667.0,16.085116000226844,-9.852565437411686
668.0,16.060998099688486,-9.83968526690417
669.0,16.044169457479594,-9.826690763882924
670.0,16.033449658614465,-9.813571675739635
671.0,16.02802149981804,-9.800316658234923
672.0,16.0273134165687,-9.786913129182762
673.0,16.030922309610293,-9.77334709840466
674.0,16.038562547086524,-9.759602969435269
675.0,16.050031859920082,-9.745663307470426
676.0,16.065188210036055,-9.731508566809094
677.0,16.083933867205896,-9.717116769486339
678.0,16.10620428657372,-9.702463124830516
679.0,16.131960230139327,-9.687519577187155
680.0,16.16118211291875,-9.672254265872217
681.0,16.193865897307504,-9.65663087733557
682.0,16.230020080514336,-9.640607864241826
683.0,16.269663464741534,-9.624137499319053
684.0,16.31282349580822,-9.607164722848292
685.0,16.359535020443037,-9.589625730829049
686.0,16.409839356418196,-9.571446235127386
687.0,16.4637836000183,-9.552539305849226
688.0,16.521420116532198,-9.53280267773366
689.0,16.582806174470463,-9.512115363602318
690.0,16.64800369499885,-9.490333364596939
691.0,16.71707909595519,-9.467284192907174
692.0,16.79010321568581,-9.442759818796905
693.0,16.86715130643063,-9.41650750632039
694.0,16.948303090565705,-9.388217790492764
695.0,17.03364287603853,-9.35750854110511
696.0,17.123259730118882,-9.323903605474566
697.0,17.217247713458644,-9.2868038462636
698.0,17.315706179804337,-9.245447366214727
699.0,17.418740151109745,-9.198854136020824
700.0,17.526460784178933,-9.14574777861003
701.0,17.638985954944438,-9.084443348526648
702.0,17.75644100300656,-9.012683616289955
703.0,17.87895970778492,-8.927395960106045
704.0,18.006685619854277,-8.824324572183825
705.0,18.139773970272998,-8.697463200052647
706.0,18.278394578278487,-8.538163192188792
707.0,18.422736591344396,-8.333705370600097
708.0,18.573016806403764,-8.06498021557679
709.0,18.729495467530946,-7.702698972880829
710.0,18.892508782687788,-7.201303338886057
711.0,19.062541369605658,-6.489873735928251
712.0,19.240397637994405,-5.462117515006264
713.0,19.427589468150384,-3.9842770327424386
714.0,19.62664697544942,-2.0252908970129444
715.0,19.835682883533693,-0.27673276801394814
716.0,20.03585860174454,-0.5288585396948674
717.0,20.233748732414423,-2.4308000243372816
718.0,20.445620445659287,-4.276930702791279
719.0,20.670668512549916,-5.619712006131007
720.0,20.90695995915858,-6.5396562408367185
721.0,21.153862669099883,-7.168577145585891
722.0,21.411405693265717,-7.604854049652027
723.0,21.679922133797934,-7.913190109064705
724.0,21.959910941228692,-8.135045731604407
725.0,22.25198586545417,-8.297111947888517
726.0,22.55685895105847,-8.416847818213588
727.0,22.87533922372395,-8.505902784320643
728.0,23.20833927153547,-8.572211239164128
729.0,23.556886967120256,-8.621284639053497
730.0,23.922141445405074,-8.657020898388556
731.0,24.305413329564345,-8.68222072712423
732.0,24.70818970073531,-8.698923303586792
733.0,25.13216467869427,-8.708628548628857
734.0,25.579276825652883,-8.712446859454909
735.0,26.05175495084768,-8.711201541730468
736.0,26.55217429396067,-8.705499801367438
737.0,27.08352547805685,-8.695782432264876
738.0,27.649298955733062,-8.682358778384021
739.0,28.25358768129074,-8.665431296737117
740.0,28.901209837958465,-8.64511259546767
741.0,29.597850254776496,-8.621436865154072
742.0,30.35021045810555,-8.594366977332015
743.0,31.166135613755706,-8.563798077570555
744.0,32.05463413387041,-8.529558178645635
745.0,33.025579731310366,-8.49140601503715
746.0,34.088583390624535,-8.44902622092153
747.0,35.24980365384335,-8.402021716806082
748.0,36.503831724128275,-8.349903016679356
749.0,37.81467965177869,-8.29207398193255
750.0,39.07760043846966,-8.227813334282562
751.0,40.07063826221474,-8.156250979586844
752.0,40.483281661230336,-8.076337866081627
753.0,40.14167297595121,-7.986807676426492
754.0,39.20041706285257,-7.886128096260256
755.0,37.96997677823656,-7.772438663127053
756.0,36.68080705065232,-7.6434712105377765
757.0,35.444026064177855,-7.49644758796089
758.0,34.29872303214506,-7.327947525133988
759.0,33.2515449788824,-7.133737025981279
760.0,32.296736043149124,-6.908544239265881
761.0,31.424749345495147,-6.645764924496
762.0,30.625650647482505,-6.337072718323338
763.0,29.89033534256817,-5.971899258235519
764.0,29.21086387519249,-5.536733886703381
765.0,28.580460326132652,-5.014168900570665
766.0,27.993399845583347,-4.381579429000084
767.0,27.444880205279958,-3.6092739471990365
768.0,26.930924961733908,-2.6579019077666945
769.0,26.448363735974887,-1.4750141181929297
770.0,25.994984728488333,0.008188370806168513
771.0,25.57010535701187,1.8719910896713
772.0,25.175923113241065,4.149152064046263
773.0,24.816033528949202,6.494228923817542
774.0,24.46664402166101,7.395449140598867
775.0,24.093027321584266,5.822260832121345
776.0,23.731485846233923,3.4269945496921066
777.0,23.39503269637116,1.297337680926907
778.0,23.078555589058872,-0.4147388832848178
779.0,22.777939402305787,-1.7723787562009252
780.0,22.490800953315762,-2.854175072063348
781.0,22.21563234431768,-3.7234509512175595
782.0,21.951356944682423,-4.4279734850858725
783.0,21.697132502002873,-5.003583309478018
784.0,21.452259795698293,-5.47738822020969
785.0,21.21613649646202,-5.870098998403077
786.0,20.988231599458928,-6.197690030701858
787.0,20.768069929453887,-6.472587796009787
788.0,20.555221956316146,-6.704533459622653
789.0,20.34929661989043,-6.901217499137649
790.0,20.149935981271394,-7.068751959170213
791.0,19.95681105518885,-7.212025167108456
792.0,19.769618451020833,-7.334970246648949
793.0,19.588077595549823,-7.440769756935678
794.0,19.41192839209634,-7.532012604070677
795.0,19.24092921843837,-7.610815032880013
796.0,19.074855195172773,-7.678914407468781
797.0,18.913496674842172,-7.737742246264069
798.0,18.756657914544984,-7.788481338107774
799.0,18.6041559032863,-7.8321105583221176
800.0,18.455819321418506,-7.869440107402966
801.0,18.311487614006072,-7.9011392247941545
802.0,18.171010163353017,-7.927757924644331
803.0,18.03424554858931,-7.949743914775896
804.0,17.90106088234872,-7.967455561212856
805.0,17.771331216341355,-7.981171523595824
806.0,17.644939009145045,-7.991097492318389
807.0,17.521773650904265,-7.997370290526527
808.0,17.401731040916847,-8.000059449493667
809.0,17.28471321539237,-7.999166211082657
810.0,17.17062802408181,-7.9946197417415465
811.0,17.05938885613412,-7.986270141539754
812.0,16.950914417614612,-7.973877576488731
813.0,16.845128565893265,-7.957096521081068
814.0,16.741960210000027,-7.935453624258354
815.0,16.641343291724233,-7.908317036133072
816.0,16.54321687081677,-7.874854047581714
817.0,16.447525351014264,-7.833972432857129
818.0,16.354218904995733,-7.784238681221417
819.0,16.26325419160201,-7.723762931168229
820.0,16.17459551834006,-7.650035188372111
821.0,16.08821670655133,-7.559689183288022
822.0,16.004104105360145,-7.448157141663733
823.0,15.922261554928639,-7.309157735354237
824.0,15.842718793620785,-7.133925574897967
825.0,15.76554622882873,-6.9100360045136195
826.0,15.690882078376102,-6.6195925165552
827.0,15.618984994025686,-6.236413786156785
828.0,15.550342774727033,-5.721686223358212
829.0,15.485914129762246,-5.017426797704615
830.0,15.42771199639072,-4.037538106173594
831.0,15.380318698238831,-2.659879786121977
832.0,15.354754192937497,-0.7449329499288506
833.0,15.372258126311934,1.662304955582362
834.0,15.40315222364056,3.392668889264055
835.0,15.291863138217867,2.3599619537357768
836.0,15.145704845934567,-0.043834138724771654
837.0,15.04718954181408,-2.113886551110133
838.0,14.981268661940355,-3.6232010472103697
839.0,14.940586599287686,-4.695931376226402
840.0,14.928039662753472,-5.46334474447444
841.0,14.914761458163321,-6.020873980318795
842.0,14.833460335860584,-6.433215602304523
843.0,14.739322189050226,-6.743681708506152
844.0,14.668114044910958,-6.981428854648991
845.0,14.61270837081267,-7.166335239790156
846.0,14.566516092069683,-7.312167385804525
847.0,14.526599362838311,-7.428619574866219
848.0,14.491866084281309,-7.522633247649462
849.0,14.46215373335519,-7.599259601404617
850.0,14.437902360969133,-7.662231161871027
851.0,14.420106463237783,-7.714346124579495
852.0,14.410435920277255,-7.757730719268507
853.0,14.411509482226318,-7.794020998473487
854.0,14.427331108119429,-7.8244906304685005
855.0,14.463820486232065,-7.850141987405798
856.0,14.528935533355135,-7.871771931504865
857.0,14.630345603586548,-7.890019923074974
858.0,14.765036136514752,-7.905403616738337
859.0,14.89562423737267,-7.91834549302724
860.0,14.942177902254697,-7.929192991657885
861.0,14.856140206733466,-7.938233882046346
862.0,14.688836721068848,-7.945708106508901
863.0,14.518144114992506,-7.95181698524043
864.0,14.37946728147337,-7.956730429586453
865.0,14.275706231298312,-7.960592638383415
866.0,14.199752443063025,-7.963526629296539
867.0,14.14416624185665,-7.9656378683486615
868.0,14.103367026287817,-7.967017196135738
869.0,14.073543220069958,-7.967743201632844
870.0,14.052163017023515,-7.967884159188024
871.0,14.037553400148058,-7.967499617897734
872.0,14.028608153149943,-7.966641712659434
873.0,14.024597896654537,-7.965356251091283
874.0,14.025048680195626,-7.963683618961609
875.0,14.029664440390059,-7.961659537884183
876.0,14.038277256313197,-7.95931570215266
877.0,14.05081536582394,-7.9566803162255075
878.0,14.067282750530845,-7.95377855016873
879.0,14.087746478762664,-7.9506329270522835
880.0,14.112329472570327,-7.9472636536705155
881.0,14.141207299145975,-7.943688903867749
882.0,14.174608204504061,-7.939925062076341
883.0,14.212816049087975,-7.9359869333306055
884.0,14.256176165467568,-7.93188792493242
885.0,14.305104510172612,-7.927640204064042
886.0,14.360100895233254,-7.92325483492484
887.0,14.421767646197175,-7.9187418983820645
888.0,14.490835865202145,-7.914110596642913
889.0,14.568202764833613,-7.9093693450585745
890.0,14.654985542266868,-7.904525852841262
891.0,14.752600250366559,-7.89958719420337
892.0,14.862877888757577,-7.894559871199868
893.0,14.988231679654596,-7.88944986936571
894.0,15.131875423320746,-7.88426270708073
895.0,15.298008213875802,-7.879003479460711
896.0,15.491543040907887,-7.87367689746064
897.0,15.71597043687474,-7.86828732278064
898.0,15.966875276686096,-7.862838799084415
899.0,16.22537727208945,-7.857335079971126
900.0,16.47588709144492,-7.85177965408311
901.0,16.73719415000342,-7.846175767681849
902.0,17.038316708609166,-7.840526444981565
903.0,17.39004463060575,-7.834834506493225
904.0,17.807127522454465,-7.829102585599786
905.0,18.292128682509887,-7.823333143556475
906.0,18.77016161799298,-7.8175284830860505
907.0,19.166885836945184,-7.811690760718664
908.0,19.583233590225678,-7.805821998008213
909.0,20.147644641461714,-7.799924091741486
910.0,20.89544542372833,-7.7939988232431245
911.0,21.82667506361951,-7.7880478668676005
912.0,22.93755225005556,-7.782072797759085
913.0,24.207618817475378,-7.776075098951284
914.0,25.55323502596872,-7.770056167871068
915.0,26.741524828451865,-7.764017322303227
916.0,27.351632857653602,-7.757959805867176
917.0,27.060130380801148,-7.751884793051264
918.0,26.04469583386091,-7.7457933938454975
919.0,24.75017264945684,-7.739686658009283
920.0,23.482046576391372,-7.733565579007081
921.0,22.364382627998573,-7.727431097641536
922.0,21.42414961211334,-7.721284105410606
923.0,20.640449279801114,-7.715125447612847
924.0,19.97428102091117,-7.708955926222295
925.0,19.40393990743957,-7.70277630255271
926.0,18.925913967068233,-7.696587299728705
927.0,18.534889613058205,-7.6903896049799725
928.0,18.220536829349232,-7.684183871772902
929.0,17.971529189790456,-7.677970721793104
930.0,17.777728388918284,-7.6717507467905115
931.0,17.630662450340267,-7.665524510298183
932.0,17.523403035403387,-7.6592925492346975
933.0,17.450314067467154,-7.653055375399095
934.0,17.406810540917693,-7.646813476866832
935.0,17.3891572410769,-7.640567319294018
936.0,17.39430731402728,-7.634317347137161
937.0,17.419774200820825,-7.628063984794473
938.0,17.463530218744523,-7.62180763767466
939.0,17.523926189931743,-7.615548693198448
940.0,17.59962771616479,-7.609287521737755
941.0,17.6895647022221,-7.603024477496936
942.0,17.79289152127842,-7.596759899340226
943.0,17.90895583362,-7.5904941115692015
944.0,18.037274557289205,-7.584227424653676
945.0,18.177515882469994,-7.577960135919259
946.0,18.329486549835142,-7.5716925301946265
947.0,18.493123901392426,-7.565424880421018
948.0,18.668492483104536,-7.5591574482267765
949.0,18.85578525461711,-7.552890484468975
950.0,19.055329768981967,-7.54662422974452
951.0,19.2676000574434,-7.540358914872547
952.0,19.493235436443925,-7.53409476135009
953.0,19.73306811108444,-7.527831981782651
954.0,19.98816237779132,-7.52157078029135
955.0,20.259869574116593,-7.51531135289802
956.0,20.54990490476438,-7.509053887889669
957.0,20.86045521738327,-7.502798566163714
958.0,21.1943311792633,-7.496545561554845
959.0,21.555183727173382,-7.490295041145023
960.0,21.947813702603636,-7.484047165557364
961.0,22.378614983415716,-7.4778020892348875
962.0,22.85620120864906,-7.471559960705211
963.0,23.392257125586266,-7.465320922831785
964.0,24.00256635426974,-7.459085113052632
965.0,24.7077954767729,-7.4528526636071994
966.0,25.53232553485892,-7.446623701752037
967.0,26.49542738670382,-7.440398349965994
968.0,27.578958639540893,-7.4341767261454255
969.0,28.64543511441021,-7.427958943790055
970.0,29.352859335150843,-7.421745112179953
971.0,29.37639450146593,-7.41553533654418
972.0,28.895009097129805,-7.40932971822147
973.0,28.38499906211572,-7.403128354813435
974.0,28.11640711656361,-7.39693134033073
975.0,28.129252972113722,-7.390738765332462
976.0,28.378207242869546,-7.384550717059319
977.0,28.81090850251214,-7.378367279560555
978.0,29.38966454763127,-7.372188533815462
979.0,30.09236188643961,-7.3660145578492555
980.0,30.90871357348465,-7.359845426843962
981.0,31.836395736300396,-7.353681213244374
982.0,32.87735694310387,-7.347521986859398
983.0,34.03278958008158,-7.341367814959052
984.0,35.2932735205046,-7.335218762367239
985.0,36.6170843087508,-7.329074891550639
986.0,37.887185005556184,-7.322936262703729
987.0,38.85881012241604,-7.316802933830353
988.0,39.202642890416676,-7.310674960821762
989.0,38.76481062774461,-7.30455239753152
990.0,37.743314981311904,-7.298435295847215
991.0,36.46527483708337,-7.2923237057593635
992.0,35.15357848171364,-7.286217675427374
993.0,33.90861570933464,-7.280117251242947
994.0,32.76246330232969,-7.2740224778908935
995.0,31.717985204530304,-7.267933398407525
996.0,30.767492283671814,-7.261850054236718
997.0,29.900456655698925,-7.255772485283805
998.0,29.1064413934358,-7.249700729967341
999.0,28.376078852229192,-7.243634825268835
1000.0,27.701284540400213,-7.2375748067805965
