t,y,t1,t2,t3
-5.0,0.004028921287451382,,,
-4.98998998998999,0.00398064151415754,,,
-4.97997997997998,0.007254805506970219,,,
-4.96996996996997,0.009070011689449346,,,
-4.95995995995996,0.005153519929008736,,,
-4.94994994994995,0.0005563431901908184,,,
-4.93993993993994,0.006740469427765182,,,
-4.92992992992993,0.02832082605624624,,,
-4.91991991991992,0.051084182180472955,,,
-4.90990990990991,0.03329988841862675,,,
-4.8998998998999,0.007152897463202612,,,
-4.88988988988989,0.0021984299053735374,,,
-4.87987987987988,0.0037008686184578357,,,
-4.86986986986987,0.001823539394099899,,,
-4.85985985985986,0.002559524319678281,,,
-4.84984984984985,0.011916965256836042,,,
-4.83983983983984,0.008422672133508845,,,
-4.82982982982983,0.00010835069882233667,,,
-4.81981981981982,0.0017185539465686425,,,
-4.80980980980981,0.005275776549841757,,,
-4.7997997997998,0.0033238951620863056,,,
-4.78978978978979,0.003302838245697248,,,
-4.77977977977978,0.012758265291284219,,,
-4.76976976976977,0.024971397684021075,,,
-4.75975975975976,0.009267326628772969,,,
-4.74974974974975,0.0033923172813780807,0.030333609801126288,0.06308708824812283,0.0984534807550257
-4.73973973973974,0.0031978323934564886,0.030599527081161655,0.06364013640237413,0.09931656569559281
-4.72972972972973,0.007610503339202855,0.030469730196589488,0.06337018806569342,0.09889528530196112
-4.71971971971972,0.012968462921253943,0.027865694900186578,0.05795438013440997,0.09044339511742093
-4.70970970970971,0.0032780486246636793,0.024481503979866547,0.05091602391375341,0.07945936196642121
-4.6996996996997,0.0038651188401382227,0.022046728881828483,0.045852239138999835,0.07155683784123103
-4.68968968968969,0.012097547282652154,0.02194720345195988,0.04564524862193913,0.0712338091922029
-4.67967967967968,0.012552999062860379,0.022656899723584756,0.047121257300461114,0.07353726297427596
-4.66966966966967,0.026846144239184768,0.0218144845810324,0.045369223210611986,0.07080304493795307
-4.65965965965966,0.021564263564299056,0.023091369864806314,0.048024857508946736,0.07494741817729443
-4.64964964964965,0.007161765807258522,0.025676410870474963,0.05340116158613503,0.08333765879063221
-4.63963963963964,0.0012271326358362842,0.024106838732096385,0.050136804437253685,0.07824331488192464
-4.62962962962963,0.0014236491930206447,0.023852596238203967,0.04960803721324797,0.07741812267289788
-4.61961961961962,0.01718786921170485,0.024708813939207847,0.051388777521341175,0.0801971395291366
-4.60960960960961,0.030940081949529373,0.02758079670677997,0.05736185594797087,0.08951870402441896
-4.5995995995996,0.02471379143855906,0.02945188356015488,0.06125329591217791,0.09559167109683406
-4.58958958958959,0.025236011598598087,0.032182634023972305,0.06693264290134027,0.10445483937778965
-4.57957957957958,0.016357945283118,0.03564348613537477,0.07413043716312452,0.11568769095661167
-4.56956956956957,0.004184457378539493,0.03595674274862919,0.07478194048680598,0.11670442467695127
-4.55955955955956,0.0012970791338415707,0.035032814552983016,0.07286037757372679,0.11370564057491211
-4.54954954954955,0.01256874718198594,0.04286920088359352,0.08915829922653491,0.1391401179037878
-4.53953953953954,0.012663329550090361,0.04918978781345674,0.10230369893459758,0.15965478093728705
-4.52952952952953,0.01436359645665508,0.05037563565567628,0.1047699958231457,0.16350367490268697
-4.51951951951952,0.009766523898883089,0.055195258507614635,0.11479372772239413,0.17914667449326574
-4.50950950950951,0.005255436852765355,0.05469093594759884,0.11374485018827174,0.17750980002358108
-4.4994994994995,0.0006738619910856179,0.051210098417786655,0.10650549074967024,0.16621208198080428
-4.48948948948949,0.00374013867347092,0.05170910194872654,0.10754330589923282,0.16783169253332927
-4.47947947947948,0.009320452628148493,0.05281096163859627,0.109834926314594,0.1714079870291891
-4.46946946946947,0.0027183670087505235,0.053708674889926096,0.11170196803760224,0.17432168556005276
-4.45945945945946,0.03580120900900496,0.05151492299232128,0.10713945732865443,0.16720144792107192
-4.44944944944945,0.05639935043771682,0.0491664674675134,0.10225519785832773,0.15957909033384138
-4.43943943943944,0.013612910417810486,0.04616999587790338,0.09602321067163617,0.14985347376809724
-4.42942942942943,0.009496082022963231,0.04161209814763398,0.08654380817979203,0.13505995267342716
-4.41941941941942,0.0024726947400937295,0.04416499378261692,0.09185325711344439,0.14334585939261524
-4.40940940940941,0.012170453098424456,0.046058012939548636,0.09579031133784151,0.14949001191378836
-4.3993993993994,0.01973476403539472,0.04107697965754318,0.08543088203519889,0.13332312417489953
-4.38938938938939,0.04305604376540068,0.04161288820350779,0.08654545131837524,0.13506251694953134
-4.37937937937938,0.0598218789290434,0.04358829358008164,0.09065385035610217,0.1414740695639738
-4.36936936936937,0.025027883661642093,0.03947729227406061,0.08210389194754283,0.12813103552945546
-4.35935935935936,0.0014573129825798657,0.036629165860762494,0.07618042937399591,0.11888690135426361
-4.34934934934935,0.0772320109011383,0.03686678309158341,0.07667461978879835,0.11965813312044861
-4.33933933933934,0.06164867477811531,0.03744484636995926,0.07787686143741816,0.12153434707012005
-4.32932932932933,0.0021471487503448043,0.03880538797160268,0.0807064820678297,0.1259502427472919
-4.31931931931932,0.0543860055398805,0.04252144569980612,0.08843504663272317,0.13801141253311341
-4.3093093093093096,0.03826341531871897,0.0455657577841746,0.09476653129216682,0.14789230449340807
-4.2992992992992995,0.014747221251619827,0.047815721045229256,0.09944594899865815,0.15519498676808854
-4.2892892892892895,0.011164406056657824,0.05482203151223352,0.11401749948749028,0.177935295529538
-4.2792792792792795,0.022742364284373987,0.06071589190996861,0.12627540395292663,0.19706493671123718
-4.2692692692692695,0.011915139335008616,0.05632270006063645,0.11713855266134508,0.18280599977537337
-4.2592592592592595,0.0017508890610988866,0.058060524276142826,0.12075283630124686,0.1884464376948531
-4.2492492492492495,0.006605160836117008,0.05790679521549589,0.12043311441918539,0.18794748088710353
-4.2392392392392395,0.011982487320286155,0.05328130094649695,0.11081312632503222,0.1729345624121497
-4.2292292292292295,0.00017457698680199975,0.05015501707368672,0.10431115877597583,0.1627876154736076
-4.2192192192192195,0.0491322139189266,0.0511337941456195,0.10634679501963748,0.16596442200098027
-4.2092092092092095,0.039656245520697284,0.052070455918317986,0.10829484090999764,0.16900453534116425
-4.1991991991991995,0.00993248651764621,0.05140529777893232,0.10691146153268322,0.16684563851007808
-4.1891891891891895,0.0366808526074097,0.05452706226801002,0.11340402977970365,0.17697791693200604
-4.1791791791791795,0.03853241047001098,0.053589969811905815,0.11145508816469347,0.17393640572718697
-4.1691691691691695,0.009715522314378482,0.05062912498902568,0.10529719664256076,0.16432642258639957
-4.1591591591591595,0.00427325858534015,0.05504112861783247,0.11447317220585286,0.17864641671857517
-4.1491491491491495,0.006852433903317282,0.0557415543289329,0.11592990020285526,0.1809197811391062
-4.1391391391391394,0.011244545293802833,0.051687527244903976,0.10749843536608808,0.1677616677422966
-4.129129129129129,0.009404351832683018,0.052789741761573084,0.10979079374141353,0.17133911389579606
-4.119119119119119,0.013038494803238916,0.05646861252712449,0.11744201778502086,0.18327958634503924
-4.109109109109109,0.02465068115990189,0.053419667577870075,0.11110089780825701,0.17338365754353516
-4.099099099099099,0.03860709144770397,0.05114714993061625,0.10637457204954709,0.16600777073295664
-4.089089089089089,0.02325005085720958,0.04994144519457701,0.10386697728643181,0.16209442745452252
-4.079079079079079,0.016146935959795997,0.0523960774539243,0.10897206049207066,0.17006140176093495
-4.069069069069069,0.001235847975372885,0.05269586919772312,0.10959555991469436,0.17103443269500854
-4.059059059059059,0.00977263305481733,0.052648271798010696,0.10949656802498106,0.1708799463115118
-4.049049049049049,0.005543251090580678,0.05403433136410468,0.11237926028405006,0.17537866537958285
-4.039039039039039,0.020351347735555116,0.05497856560473733,0.11434305520513721,0.17844335659991073
-4.029029029029029,0.001792227756260392,0.061399235340134854,0.1276966046463262,0.19928285735081916
-4.019019019019019,0.00873843566941882,0.06629287972428666,0.13787428468974963,0.215166107855978
-4.009009009009009,0.006572084648713155,0.05829186689759224,0.12123397693932514,0.18919730402688595
-3.998998998998999,0.008934087744318364,0.056935180825590584,0.11841237494370016,0.18479392220203414
-3.988988988988989,0.06350618405389498,0.057397271879384676,0.11937342044011494,0.18629372631272378
-3.978978978978979,0.028731238904005505,0.05401372037077733,0.11233639405205692,0.1753117684936467
-3.968968968968969,0.035570926195706405,0.0508277662840789,0.10571032587422508,0.16497115056463546
-3.958958958958959,0.05585183070449651,0.0495362448129132,0.10302425159688172,0.16077927280462703
-3.948948948948949,0.009188156225331734,0.05144031925402279,0.10698429832672446,0.16695930734627787
-3.938938938938939,0.039731413726027065,0.0543152175293257,0.11296344035391821,0.17629033467457436
-3.928928928928929,0.05493127049485524,0.05698682274949187,0.11851977853436486,0.18496153585547997
-3.918918918918919,0.010966077070239997,0.05733307898800572,0.11923991365902699,0.18608537611512377
-3.908908908908909,0.016223890392321395,0.06106707169373119,0.12700577894470766,0.19820475727031017
-3.898898898898899,0.011046876666322954,0.06338964786203596,0.1318362151721622,0.20574311850022836
-3.888888888888889,0.013132349027411878,0.059076722896868744,0.12286630095262432,0.19174470295259397
-3.878878878878879,0.032481468207292835,0.055426830114355015,0.11527534459839307,0.17989828404046765
-3.868868868868869,0.02583440655142023,0.05386664111789057,0.11203050227500932,0.17483439489754368
-3.858858858858859,0.00485208483249759,0.054822967778998345,0.11401944671185307,0.1779383343608052
-3.848848848848849,0.0034088709600749553,0.053874220357870435,0.11204626539006877,0.17485899475764566
-3.838838838838839,0.04334044672705258,0.050675176680346094,0.10539297380635214,0.16447589208030008
-3.828828828828829,0.09794824660520697,0.049089970655854305,0.10209610168944189,0.15933080543059783
-3.818818818818819,0.08094152462152214,0.051186078335151514,0.1064555343784086,0.16613412024928081
-3.808808808808809,0.003453661441378627,0.05371459684406443,0.1117142843707316,0.17434090638479513
-3.798798798798799,0.022065396878033917,0.05363347115389026,0.11154556117528064,0.17407759757886443
-3.7887887887887888,0.049913066746627,0.051110600781265,0.10629855803652219,0.16588914354035228
-3.7787787787787788,0.028847179331542645,0.04904996658611447,0.10201290221880495,0.15920096463894542
-3.7687687687687688,0.007769592859882139,0.054687712941411976,0.11373814706005629,0.17749933914603724
-3.7587587587587588,0.0010114584768521843,0.06035680838674698,0.12552859096012914,0.19589946306748918
-3.7487487487487487,0.03261606146688032,0.060344429428261466,0.12550284550973548,0.19585928481112566
-3.7387387387387387,0.04708820600328739,0.0616333560413184,0.1281835230656345,0.20004274046725168
-3.7287287287287287,0.013709015081087824,0.0622555851689308,0.1294776197505196,0.20206230305285364
-3.7187187187187187,0.010847921033797591,0.05887480520554666,0.12244635755337809,0.19108934080918233
-3.7087087087087087,0.029126110447118714,0.0626978123593905,0.13039735287734364,0.20349763522962797
-3.6986986986986987,0.0013217476428894219,0.0684580493215577,0.142377350640381,0.22219357622106442
-3.6886886886886887,0.018695875974343735,0.07036479292938781,0.1463429486368732,0.22838227404928338
-3.6786786786786787,0.03571463860123957,0.07227185790578694,0.15030921500773317,0.23457201494011276
-3.6686686686686687,0.02259986233004513,0.07076587757654343,0.1471771145240184,0.22968407030263943
-3.6586586586586587,0.005711206901946014,0.07137379001701488,0.14844143571858098,0.23165716536620407
-3.6486486486486487,0.0037213725007017463,0.0718705440476758,0.14947457241333575,0.2332694747391505
-3.6386386386386387,0.0043086932164909,0.0700671754175333,0.1457239711278444,0.22741629999714003
-3.6286286286286287,0.01619525608555829,0.06919853757249161,0.14391739971266884,0.22459697120902056
-3.6186186186186187,0.0033555440616927007,0.06427502963321499,0.13367761018903804,0.20861679287466392
-3.6086086086086087,0.015611048407701037,0.05605918554859286,0.1165905017242839,0.1819507134738007
-3.5985985985985987,0.03331913210605557,0.0579280204239552,0.12047725808055429,0.18801637132468316
-3.5885885885885886,0.020988662661546968,0.05901688891221189,0.12274185971747188,0.19155050041305013
-3.5785785785785786,0.008044229034181366,0.053828550483636266,0.11195128231996992,0.17471076452347709
-3.5685685685685686,0.012301360007942444,0.05306235275196228,0.11035776330820252,0.17222392454219967
-3.5585585585585586,0.05481892674739078,0.04955679399138139,0.1030669892678661,0.1608459690587199
-3.5485485485485486,0.05356474381548254,0.04346961593190781,0.09040702753110674,0.14108887875987436
-3.5385385385385386,0.021975626739122074,0.04307264286195852,0.08958141280011324,0.13980042740974644
-3.5285285285285286,0.033332770745053954,0.04381979093777111,0.0911353128107692,0.14222543812180607
-3.5185185185185186,0.006305099414738757,0.04828286533188351,0.10041750408326496,0.15671119210393442
-3.5085085085085086,0.056829964690880454,0.04629891967013403,0.09629134317255059,0.1502719203750281
-3.4984984984984986,0.09113969900908453,0.04818875693938686,0.10022177978598384,0.1564057454765696
-3.4884884884884886,0.006640977898344067,0.05631290699227426,0.11711818528100239,0.18277421451559545
-3.4784784784784786,0.006144897020988431,0.058206660041626695,0.12105676583662797,0.1889207490237393
-3.4684684684684686,0.0032501875376071184,0.05910699574852492,0.12292926167759163,0.191842959231272
-3.4584584584584586,0.038217856125035685,0.05717415212543339,0.11890938151762238,0.18556954885591173
-3.4484484484484486,0.015272032468974456,0.057780553788325376,0.12017056063449935,0.18753774040445384
-3.4384384384384385,0.00047014560742973834,0.06349564988263327,0.13205667554175704,0.20608716815219175
-3.4284284284284285,0.021800224700406854,0.06363325417655367,0.13234286153448233,0.20653378897286304
-3.4184184184184185,0.012817664084012453,0.06255460861478981,0.1300995212861708,0.20303284033032232
-3.4084084084084085,0.010173094624601992,0.06134229292248473,0.1275781772204146,0.19909803994013126
-3.3983983983983985,0.07473347316066642,0.06401695237441445,0.13314086751622303,0.20777915420919635
-3.388388388388388,0.05396886794642083,0.06351219620827737,0.13209108817885942,0.20614087238864917
-3.378378378378378,0.01390012927969087,0.06107716694734598,0.1270267748024331,0.1982375233296087
-3.368368368368368,0.009352557946173064,0.05997958013497707,0.1247440410115698,0.19467509726765939
-3.358358358358358,0.017301028501081745,0.0611554037004574,0.1271894896583354,0.19849145554266512
-3.348348348348348,0.00023593266718745053,0.057721730387503785,0.12004822118650696,0.18734681790631721
-3.338338338338338,0.0009617585636821722,0.05924276135508655,0.12321162361401687,0.19228361224357238
-3.328328328328328,0.0416101132615612,0.060971602897175736,0.12680722531285432,0.19789489519368955
-3.318318318318318,0.0648606371706119,0.0594358724782391,0.12361325133151876,0.19291039100058582
-3.308308308308308,0.011895202173932947,0.06031225140309411,0.12543592245221968,0.19575484493066572
-3.298298298298298,0.013268760810298309,0.05534480966405405,0.11510476050305421,0.17963207112093166
-3.288288288288288,0.05006523808094991,0.047946564505160064,0.09971807397677528,0.1556196640204392
-3.278278278278278,0.04225910378100625,0.04654870510501936,0.09681084071593632,0.1510826463541516
-3.268268268268268,0.026485447012356975,0.05146534463746129,0.10703634549762756,0.16704053197212695
-3.258258258258258,0.0022392183658311218,0.057565877767521555,0.11972408277848424,0.18684096868419559
-3.248248248248248,0.03121609962715914,0.05511544069591607,0.1146277246201121,0.1788876106548537
-3.238238238238238,0.03819058487449976,0.0556788540955189,0.11579949781472866,0.18071627564588486
-3.228228228228228,0.013292746057205547,0.05751536158910305,0.1196190204853137,0.18667700885111438
-3.218218218218218,0.005881846914603291,0.05750134217921646,0.11958986326484106,0.18663150619875887
-3.208208208208208,0.002209729112076834,0.05939092606680671,0.12351977290138594,0.1927645089020826
-3.198198198198198,0.011156596081061315,0.06073606158847311,0.12631735234931243,0.19713040122625852
-3.188188188188188,0.012681623615346676,0.05640553813152694,0.11731083722367824,0.18307486643752374
-3.178178178178178,0.03160497871935217,0.05493717260952891,0.1142569670818084,0.17830900778736042
-3.168168168168168,0.037346138477339724,0.05356825970843088,0.11140993603071474,0.17386594147091572
-3.158158158158158,0.02611811681170491,0.0526594000677618,0.10951971232400909,0.17091606522050282
-3.148148148148148,0.014872708557492047,0.05379401231556737,0.11187945069586795,0.17459866435183324
-3.138138138138138,0.047962981597763986,0.0550600532270616,0.11451253113808436,0.17870784012524366
-3.128128128128128,0.031937288762566254,0.056024565083116304,0.11651849894007753,0.18183834619031966
-3.118118118118118,0.0266673546136137,0.05288154000637537,0.10998171345089859,0.1716370625008991
-3.108108108108108,0.010177371136006318,0.050331317367912534,0.10467782374901775,0.16335983149861966
-3.098098098098098,0.008477011608693302,0.05145807696986312,0.10702123038306885,0.16701694337925257
-3.088088088088088,0.03635564730122773,0.051720859737900325,0.10756775945712035,0.16786985466694054
-3.078078078078078,0.0014494764447641648,0.05150356218730585,0.10711582940855931,0.16716457427480028
-3.068068068068068,0.032047837543215774,0.05385975243040892,0.11201617535388396,0.17481203635647824
-3.058058058058058,0.01707086477024116,0.05549828361128229,0.11542395180656387,0.1801301999097206
-3.048048048048048,0.006762457986798367,0.05559323123437162,0.11562142151478712,0.1804383704190615
-3.038038038038038,0.02174741176616617,0.052683521049406344,0.10956987854252438,0.1709943544388881
-3.028028028028028,0.005030929888963956,0.05571833908624472,0.11588161771772497,0.18084443166819886
-3.018018018018018,0.016711522870764838,0.06139412643651593,0.12768597927547284,0.19926627543566228
-3.008008008008008,0.036136702327563566,0.06480542847503896,0.13478072052639092,0.2103383028600685
-2.997997997997998,0.03966816782552956,0.06308072512674329,0.13119372534022214,0.2047404512023587
-2.987987987987988,0.037196248015866386,0.060374748900875866,0.1255659031958138,0.1959576924069613
-2.977977977977978,0.029309272440622616,0.06124271558885228,0.127371078755195,0.19877484282759852
-2.967967967967968,0.010115099909262874,0.06186417281315455,0.12866357005474802,0.2007919000546828
-2.957957957957958,0.002255317625956066,0.061647262345098264,0.12821244505083562,0.20008787601229697
-2.947947947947948,0.03779093637004977,0.06312050179601154,0.13127645186900638,0.20486955392267375
-2.937937937937938,0.04130509777434912,0.06575704675004015,0.13675987257875555,0.2134269603636829
-2.9279279279279278,0.0018199892489609872,0.06695905277810395,0.1392597748608908,0.2173282987842427
-2.9179179179179178,0.002654430170465951,0.06312339821773122,0.1312824757749586,0.20487895480842083
-2.9079079079079078,0.01261773639699927,0.0586250574124433,0.12192693829643556,0.1902787370035977
-2.8978978978978978,0.006663734000271906,0.0558551340737631,0.11616612053509663,0.18128842573152743
-2.8878878878878878,0.023437506429788115,0.05655710549150086,0.11762606325437158,0.18356680703595946
-2.8778778778778777,0.0044093116189803635,0.05243950576874387,0.10906238162257413,0.17020235658910554
-2.8678678678678677,0.05656872427204966,0.047144951776512255,0.0980508997339278,0.15301787795309219
-2.8578578578578577,0.056494159775073105,0.04353322730553803,0.09053932488602444,0.14129534153138637
-2.8478478478478477,0.03292020533913355,0.04610253297813153,0.09588290300831209,0.14963451013838383
-2.8378378378378377,0.02346144992661843,0.05122136656773746,0.10652892596806329,0.16624865489749965
-2.8278278278278277,0.06918635180699512,0.054614451141529595,0.11358577898831347,0.1772615540867552
-2.8178178178178177,0.09310566881462906,0.052735138687069236,0.1096772316232737,0.17116188926674347
-2.8078078078078077,0.01885078230482006,0.05503367865624466,0.11445767796078221,0.17862223645600106
-2.7977977977977977,0.0013102477335946976,0.05572034819968163,0.11588579622194936,0.18085095262671297
-2.7877877877877877,0.011779201776402277,0.05367186901200924,0.11162542008688309,0.17420222510622227
-2.7777777777777777,0.0036343630765139287,0.0553384059427975,0.11509144220263835,0.17961128662968162
-2.7677677677677677,0.03701858817981615,0.05830454516697199,0.12126034488908245,0.18923845375349516
-2.7577577577577577,0.03053332941901031,0.06577442040714573,0.1367960058792825,0.2134833498612304
-2.7477477477477477,0.015112543697741584,0.06881041328943564,0.14311018846887277,0.22333724027416196
-2.7377377377377377,0.031691744299287186,0.06603910453836596,0.13734648936125668,0.21434243238355805
-2.7277277277277276,0.030243467102522365,0.06276674446076659,0.1305407161496727,0.203721367431655
-2.7177177177177176,0.011115928866952373,0.06107316992458299,0.12701846189376736,0.19822455023454172
-2.7077077077077076,0.016658678321531402,0.06410788165181268,0.13332997996888432,0.20807428241586512
-2.6976976976976976,0.006120632996495296,0.06798844964450688,0.14140068889581361,0.22066940145023412
-2.6876876876876876,0.002946898269062153,0.06458223269484328,0.1343165234864036,0.20961387864566844
-2.6776776776776776,0.012621842177463307,0.06443477551930372,0.1340098457152094,0.20913527842995538
-2.6676676676676676,0.026366704505664015,0.07024423121118759,0.14609220736983283,0.22799096813876232
-2.6576576576576576,0.0029703931024214277,0.06523701030508997,0.13567831369704297,0.21173908350166454
-2.6476476476476476,0.037970213393347524,0.06470315518029843,0.13456801506822014,0.2100063554947036
-2.6376376376376376,0.0760436816228569,0.06495271522025058,0.13508704384082212,0.21081634991184484
-2.6276276276276276,0.0444773636117911,0.059835853506781306,0.12444512194008313,0.19420860525052627
-2.6176176176176176,0.014082592781271493,0.056777510696567945,0.11808445652551787,0.18428217390978843
-2.6076076076076076,0.019488854963152696,0.053533083904090055,0.1113367782665318,0.17375177172987874
-2.5975975975975976,0.003362646841788664,0.05115613635955715,0.10639326180125641,0.16603693789158339
-2.5875875875875876,0.012761549225095883,0.05530244596392681,0.11501665353174527,0.17949457170155705
-2.5775775775775776,0.06486868875421051,0.06363087739328165,0.1323379183596669,0.20652607467220224
-2.5675675675675675,0.00842008658775569,0.06744585471497132,0.1402722134381606,0.2189083067502284
-2.5575575575575575,0.02730471286785188,0.06940868603735433,0.14435446127029164,0.22527904788821262
-2.5475475475475475,0.02758203706856279,0.06870393729853629,0.14288874234761606,0.22299165226173578
-2.5375375375375375,0.004688594590022847,0.06723275591843533,0.1398290158540031,0.21821665421031552
-2.5275275275275275,0.0011279522907161098,0.06521649840210729,0.13563565355068746,0.21167250823222591
-2.5175175175175175,0.003322984516124608,0.06333970151648911,0.13173233800324483,0.2055810081677516
-2.5075075075075075,0.00664704427078661,0.06556775076344513,0.1363661794875069,0.21281256435557755
-2.4974974974974975,0.06869843229807578,0.0695111856535936,0.14456763742629417,0.22561172982290395
-2.4874874874874875,0.02489715937581947,0.07172042139224098,0.1491623510432597,0.23278222320315964
-2.4774774774774775,0.03437471614666078,0.07084393013045745,0.14733944628700504,0.22993740466228327
-2.4674674674674675,0.06107129998297282,0.06786293335502226,0.14113964323447595,0.22026201453940367
-2.4574574574574575,0.0021749851557315092,0.06335148844020379,0.13175685215442684,0.20561926486303814
-2.4474474474474475,0.0365061315733614,0.065117598421731,0.13542996382794617,0.21135150959808752
-2.4374374374374375,0.04268941404211302,0.06812243661144005,0.14167935166171683,0.2211042815504551
-2.4274274274274275,0.02124220247254404,0.06342512105850728,0.1319099914451116,0.20585825348379955
-2.4174174174174174,0.026647565981611148,0.06593493655712457,0.137129843381161,0.2140043354539912
-2.4074074074074074,0.05337404144295234,0.06821044745136623,0.14186239442061088,0.221389937415079
-2.3973973973973974,0.013666842342612796,0.061958061469381716,0.12885883734999357,0.20109663348633103
-2.3873873873873874,0.020003573053064733,0.06436678773068377,0.13386844640109605,0.20891461117398563
-2.3773773773773774,0.04126227510845835,0.0699899130948027,0.14556328286804554,0.22716553048260096
-2.3673673673673674,0.010301601767321793,0.07143402971234378,0.14856672074071223,0.23185268471664192
-2.3573573573573574,0.0541875815481664,0.07135865644732928,0.1484099612962315,0.23160804649701683
-2.3473473473473474,0.070908719291888,0.06979628223796282,0.14516057422132972,0.22653706483138275
-2.3373373373373374,0.018205459409224526,0.06510546807159613,0.13540473542702536,0.2113121382472531
-2.3273273273273274,0.028030659718293337,0.0679116748879194,0.1412410146639692,0.22042021442403725
-2.3173173173173174,0.0029199978965196507,0.07558015751314723,0.15718973436065964,0.24530972844867813
-2.3073073073073074,0.03279993697159616,0.07462570079958021,0.155204678994266,0.24221185825463393
-2.2972972972972974,0.07529195996639962,0.07687137130181967,0.15987516872759563,0.24950060756682932
-2.2872872872872874,0.04892128785485863,0.07536469319481516,0.15674161702302472,0.24461039815935948
-2.2772772772772774,0.008513486680749176,0.07274709707429393,0.1512976056265593,0.23611449374950588
-2.2672672672672673,0.0007739759603956379,0.07035901190850116,0.14633092541322026,0.2283635106501251
-2.2572572572572573,0.019865762249013964,0.0638354416148158,0.13276336594671456,0.2071900266311027
-2.2472472472472473,0.03212878581943577,0.06679538360920438,0.13891937978857466,0.21679707947087742
-2.2372372372372373,0.026941691665337913,0.0744108983333656,0.15475793816022612,0.2415146761318255
-2.2272272272272273,0.03352686699179863,0.07293206122096282,0.15168228946472243,0.2367148299499722
-2.2172172172172173,0.05186536351144425,0.06787923138332574,0.14117353946893646,0.22031491287977403
-2.2072072072072073,0.035722926543238456,0.06476922259373778,0.13470542043373054,0.21022078980899167
-2.1971971971971973,0.00984749339846609,0.060196125763042875,0.1251944072303317,0.19537793715269577
-2.1871871871871873,0.015255912126594115,0.061791227904564906,0.12851186104564497,0.20055514352616233
-2.1771771771771773,0.06858996409084878,0.0604375611053873,0.12569653845864773,0.19616156132360493
-2.1671671671671673,0.06464881797988777,0.05533728637085555,0.11508911374472106,0.17960765284671404
-2.1571571571571573,0.013627636372552763,0.060002044768670174,0.1247907623987555,0.1947480104947851
-2.1471471471471473,0.029637911488777535,0.06015512760433601,0.12510914027815198,0.19524486985685788
-2.1371371371371373,0.004036048592380204,0.06293434773485271,0.1308892932762418,0.204265355629166
-2.1271271271271273,0.028374955804182735,0.06645501550626433,0.13821149066203134,0.21569235027141406
-2.1171171171171173,0.05676584582561356,0.06798127801473385,0.14138577351833825,0.2206461245663264
-2.1071071071071072,0.0009228106647041443,0.07204387035332394,0.14983505215880075,0.23383203812047396
-2.0970970970970972,0.012738244564807738,0.06939641998979397,0.14432895064923568,0.2252392361056605
-2.0870870870870872,0.005844848216583285,0.06149798836125671,0.12790198872686026,0.19960337900083924
-2.0770770770770772,0.007406397805188385,0.057579852357312944,0.11975314678323606,0.18688632586443576
-2.067067067067067,0.028274223368445178,0.06243648827374652,0.12985385753470327,0.20264945837216014
-2.057057057057057,0.012099775236703796,0.071134473821132,0.147943711838441,0.2308804192868486
-2.047047047047047,0.016326094969675173,0.07588559872757147,0.1578249834119704,0.2463010958106
-2.037037037037037,0.07193231159938264,0.07918530559517921,0.16468763179818313,0.25701091995342856
-2.027027027027027,0.04382052709110718,0.07764558396732775,0.16148535699967886,0.2520134615352042
-2.017017017017017,0.014039150116874179,0.07952364654532793,0.16539130490270076,0.25810906964423347
-2.007007007007007,0.0005165512286787856,0.08171470350684003,0.16994821075049887,0.2652205603572639
-1.9969969969969972,0.005821370560019008,0.07750637294797627,0.16119582937930935,0.2515616257825699
-1.9869869869869872,0.005569077171766235,0.07076113894249991,0.14716725923063137,0.22966869016757913
-1.9769769769769772,0.004468312657708298,0.0713161783881886,0.14832161648388684,0.2314701759037859
-1.9669669669669672,0.000568137597360421,0.07084389374122571,0.1473393706055847,0.2299372865541336
-1.9569569569569571,0.017832867860017313,0.06809734603085893,0.14162716889541585,0.2210228453149206
-1.9469469469469471,0.03312182810838366,0.06697785289546528,0.13929887487802772,0.21738931812895507
-1.9369369369369371,0.10174423738568553,0.06520814310279466,0.13561827640670326,0.21164538952444698
-1.9269269269269271,0.05448832500011664,0.06841875299642232,0.14229562311939367,0.2220660325486883
-1.9169169169169171,0.0068469704256279695,0.06732686201666993,0.140024735379735,0.21852209339121798
-1.9069069069069071,0.0012964841030766677,0.06032734127651651,0.12546730599616623,0.19580382197534743
-1.8968968968968971,0.002311996615940697,0.055558700046908174,0.11554960440877497,0.1803262929042959
-1.886886886886887,0.018577703772539124,0.05350777225377966,0.1112841357248987,0.1736696179706311
-1.876876876876877,0.039591030768989274,0.06704364574090661,0.1394357092038355,0.21760286128075745
-1.866866866866867,0.05505672874119707,0.06991080318052616,0.14539875203323932,0.22690876425946363
-1.856856856856857,0.05355592985725762,0.0664865536319342,0.13827708287246593,0.21579471323675337
-1.846846846846847,0.08432076512494238,0.07413510937001626,0.15418435912420808,0.240619550771752
-1.836836836836837,0.06632220261083911,0.0772730055173234,0.16071047759334126,0.2508041875484373
-1.826826826826827,0.006264391521034984,0.0743648193228404,0.1546621041786312,0.24136511796826712
-1.816816816816817,0.05023055296372544,0.07690629452609155,0.15994780118202465,0.24961395751137255
-1.806806806806807,0.06888941073715862,0.09207466385316963,0.19149459896149518,0.29884577553169783
-1.796796796796797,0.003992588368989778,0.10300898279838078,0.21423552392071463,0.3343351804162325
-1.7867867867867866,0.01071257683394452,0.1081199805850081,0.22486525017205403,0.3509238925913989
-1.7767767767767766,0.004769472581993685,0.10898656875979709,0.22666755873394712,0.35373656878617066
-1.7667667667667666,0.025696210797968685,0.1051947317482596,0.21878139029775645,0.34142944297130173
-1.7567567567567566,0.017477544988342853,0.11266041915448587,0.2343083415349286,0.3656607466701
-1.7467467467467466,0.001389977937412786,0.1209988870707739,0.25165047999909096,0.3927248249616386
-1.7367367367367366,0.0202105255958345,0.12359926299022722,0.25705867724908504,0.40116483794460456
-1.7267267267267266,0.07830373532191208,0.11358301136955823,0.23622712590879302,0.3686551945939337
-1.7167167167167166,0.0652762674319385,0.10883864791315888,0.22635991663111843,0.3532564636380118
-1.7067067067067065,0.02201303642556145,0.10884105982391673,0.22636493286320636,0.3532642919515866
-1.6966966966966965,0.00763469381111051,0.10226169946133574,0.21268134259710703,0.33190973068820234
-1.6866866866866865,0.02022976767435217,0.09836672721177107,0.20458067605450672,0.3192678599076388
-1.6766766766766765,0.08004028839550957,0.09922020008292153,0.20635570773364592,0.3220379678982686
-1.6666666666666665,0.039089103430774236,0.09917126958431252,0.20625394329795863,0.32187915468959616
-1.6566566566566565,0.04739290835716715,0.08746972102100418,0.18191735323521846,0.2838995606407896
-1.6466466466466465,0.11067228407403419,0.08448349777908072,0.1757066803075003,0.274207207030175
-1.6366366366366365,0.06406092479305024,0.08107582976541428,0.16861949701121823,0.26314697452231933
-1.6266266266266265,0.02166929787218319,0.0753466560767113,0.15670410387279235,0.24455185527337406
-1.6166166166166165,0.0617836830751965,0.08230938119051222,0.1711850066265909,0.26715069950880954
-1.6066066066066065,0.16659896307038438,0.0790943182141208,0.16449839850297263,0.2567156031603164
-1.5965965965965965,0.08541480107496552,0.07280785489314562,0.15142396822912427,0.23631169476805433
-1.5865865865865865,0.005778663299058727,0.07760907069273312,0.1614094175980817,0.251894950780923
-1.5765765765765765,0.028413491881488437,0.08376486333892272,0.1742120822480664,0.27187474272777706
-1.5665665665665665,0.01594863988982575,0.08689210148437533,0.18071603446966247,0.28202478693907523
-1.5565565565565564,0.06593472904957297,0.09247380417189494,0.19232472108266363,0.30014126109855965
-1.5465465465465464,0.061102763269250286,0.1099260267663169,0.22862142016195686,0.35678575783328553
-1.5365365365365364,0.08195531738765936,0.1179901293328031,0.24539294038619802,0.3829593313723842
-1.5265265265265264,0.04551593215692339,0.11652341759855557,0.24234250975101537,0.37819884040386287
-1.5165165165165164,0.02933626919898527,0.1144583364206153,0.23804760520894477,0.37149622797682635
-1.5065065065065064,0.02857390184067252,0.11533765975099569,0.23987640003112518,0.37435023853319066
-1.4964964964964964,0.012017428456098527,0.11572375669343693,0.24067939486226514,0.3756033893497744
-1.4864864864864864,0.016158570873445452,0.11891424746140565,0.2473148983171224,0.38595873193783764
-1.4764764764764764,0.030734954701233108,0.1308217832235883,0.2720798954398388,0.4246068964882467
-1.4664664664664664,0.02245762347314184,0.13694791395548114,0.284820869977202,0.4444904150694341
-1.4564564564564564,0.009697822965415936,0.1383314298566933,0.2876982719852285,0.4489808781909452
-1.4464464464464464,0.07952469963971039,0.13706935162711748,0.2850734330304421,0.4448845640528807
-1.4364364364364364,0.03974883264245051,0.12649355009626767,0.2630781436848733,0.41055879539847445
-1.4264264264264264,0.0026894174993486175,0.11923148347460788,0.2479746778979762,0.3869883815550568
-1.4164164164164164,0.02945210303969842,0.11738549640664135,0.24413543984404126,0.380996880594188
-1.4064064064064064,0.03677462503401311,0.11102461750017069,0.23090624188378933,0.3603514423127208
-1.3963963963963963,0.0037970026698090184,0.10105915156895111,0.2101803133590159,0.32800663354427156
-1.3863863863863863,0.03545996552468013,0.11429699589468043,0.2377120531904285,0.37097256671562867
-1.3763763763763763,0.06933186022776892,0.1273743653411103,0.2649100413536966,0.41341764824603855
-1.3663663663663663,0.05163709301065775,0.12761219308486596,0.2654046695880722,0.41418956327185885
-1.3563563563563563,0.062454355978817225,0.12911390135210424,0.2685278851433364,0.4190636421222671
-1.3463463463463463,0.08166363284193284,0.12739628261726557,0.2649556243602703,0.4134887849205163
-1.3363363363363363,0.03321912733511513,0.12233502290768529,0.2544293421261952,0.39706150710293026
-1.3263263263263263,0.02678124821380052,0.12263263752350154,0.2550483136121156,0.3980274717554324
-1.3163163163163163,0.04646159958819106,0.1305839610795821,0.27158527885168315,0.4238349996374748
-1.3063063063063063,0.07004797060931439,0.13223620707411962,0.27502157903317775,0.4291976772182923
-1.2962962962962963,0.040442820952462086,0.13639596394901793,0.28367293806291316,0.44269895669387843
-1.2862862862862863,0.026274298451120764,0.14327894956315929,0.2979880005858633,0.46503899126746967
-1.2762762762762763,0.09022756609438769,0.14272866276562704,0.2968435277721989,0.46325293115178334
-1.2662662662662663,0.14076891639328645,0.14447829003071944,0.3004823591014694,0.4689316781061219
-1.2562562562562563,0.06387014915628132,0.15025789981205054,0.3125026479726281,0.4876904972545344
-1.2462462462462462,0.006795568428172763,0.1468374441658118,0.30538886927573716,0.4765887600610968
-1.2362362362362362,0.0015447175882634802,0.12762199809521915,0.265425061805071,0.4142213872916323
-1.2262262262262262,0.026202539503732795,0.11673979018018701,0.2427925160721012,0.3789011186338933
-1.2162162162162162,0.01943156389424781,0.1289831417002098,0.2682559344670918,0.4186392368847855
-1.2062062062062062,0.022045336129192135,0.13623658126064195,0.2833414579063238,0.4421816499656128
-1.1961961961961962,0.11364536644939667,0.13823516595672414,0.2874980647170438,0.44866843545547264
-1.1861861861861862,0.20504865075925274,0.140397260434648,0.2919947351108358,0.4556859229377875
-1.1761761761761762,0.1567389113542716,0.12671212945510896,0.26353273960638895,0.4112682361422638
-1.1661661661661662,0.0751668994146456,0.10807189361356023,0.22476524008320517,0.3507678172100299
-1.1561561561561562,0.0753687658303529,0.10265489859200934,0.2134991083829308,0.33318593300300986
-1.1461461461461462,0.048072179248160554,0.10128859406285609,0.21065750215902201,0.3287513326521641
-1.1361361361361362,0.02013600501292673,0.10602564434404638,0.22050950167653902,0.3441263273116338
-1.1261261261261262,0.14045358558789714,0.12125954261542086,0.2521925849267707,0.39357083194256964
-1.1161161161161162,0.21662465709845652,0.13088375955693007,0.2722087922785751,0.4248080524265585
-1.1061061061061062,0.062280608735676285,0.13235100265756916,0.27526032803638106,0.42957026804543125
-1.0960960960960962,0.025058623040411503,0.1381745555093527,0.2873720086140231,0.4484717127589997
-1.0860860860860861,0.018178320266519655,0.14242081940912818,0.296203282805465,0.46225376718239974
-1.0760760760760761,0.002244011524665282,0.14120282239801615,0.29367012287396477,0.45830052699505014
-1.0660660660660661,0.045317250387001594,0.13565111075239525,0.28212381088499694,0.44028139444725506
-1.0560560560560561,0.0704900973490661,0.14149670534641556,0.2942813333306775,0.4592543798135628
-1.0460460460460461,0.010419020920901545,0.14838262520594875,0.30860249842431375,0.48160393803679913
-1.0360360360360361,0.003260495341685428,0.15310277456066299,0.31841934781472553,0.4969240775355919
-1.026026026026026,0.03380246752303399,0.1561752166855967,0.3248093366338521,0.5068962708749702
-1.016016016016016,0.14110197685615197,0.1534887691875588,0.31922212985253545,0.49817689626767775
-1.006006006006006,0.05497548492456756,0.15658635086995357,0.3256644032988613,0.5082306848063385
-0.9959959959959956,0.04602937376370644,0.16013120955748203,0.3330369123511447,0.5197361956525587
-0.9859859859859856,0.04423979059848383,0.1497137991454663,0.3113710409204602,0.4859245153995044
-0.9759759759759756,0.0028225704992172564,0.14627473091419016,0.3042185522315019,0.4747623675330611
-0.9659659659659656,0.026094336178944414,0.1440643177576765,0.29962138985010234,0.467588052619925
-0.9559559559559556,0.026582859895742147,0.14816591519201877,0.30815179031991446,0.480900564606279
-0.9459459459459456,0.0483407015051922,0.14888986423503303,0.3096574415583665,0.48325027845970164
-0.9359359359359356,0.04557660097643024,0.14660863806557228,0.30491300403147,0.4758461264894826
-0.9259259259259256,0.021374905188681015,0.15134432769249506,0.314762173694037,0.4912167048875968
-0.9159159159159156,0.03600135920524587,0.1483847712791898,0.308606961774137,0.4816109035243201
-0.9059059059059056,0.0601770271066999,0.13401372276598877,0.278718412019775,0.4349669413483629
-0.8958958958958956,0.07809779952537108,0.12215309675532263,0.2540509766331335,0.3964710312888777
-0.8858858858858856,0.04885903124107657,0.1173057944962861,0.24396967779049436,0.38073819293555633
-0.8758758758758756,0.02467288841076211,0.12017921137115352,0.24994573883785692,0.39006441209792
-0.8658658658658656,0.021283975552378463,0.12432986448613963,0.25857816409384315,0.4035361435949705
-0.8558558558558556,0.05239561635121503,0.1221734432935379,0.25409329285795296,0.39653706983561654
-0.8458458458458455,0.13393550268897078,0.11802050708957895,0.24545611929022762,0.3830579281405143
-0.8358358358358355,0.08514489330473818,0.12273081610870847,0.25525250299510144,0.3983461289647985
-0.8258258258258255,0.02470273620807278,0.11275676924074628,0.2345087280512212,0.3659734691395185
-0.8158158158158155,0.01637762715877861,0.10450174165813275,0.2173401267205714,0.3391802122681629
-0.8058058058058055,0.03952607192243311,0.09438597703208787,0.19630161070337004,0.3063475805945103
-0.7957957957957955,0.04433155889260404,0.08582909326688082,0.1785052163815672,0.27857459226163056
-0.7857857857857855,0.01821831203910202,0.0950049046413577,0.19758884097240828,0.30835642747648395
-0.7757757757757755,0.1800535496891954,0.09485414814266455,0.19727530135086674,0.30786711868204464
-0.7657657657657655,0.1312297659480284,0.08824893991406899,0.18353795333503112,0.2864286632696979
-0.7557557557557555,0.04565641645741684,0.08472117451607185,0.17620099448175752,0.27497863193491556
-0.7457457457457455,0.1075659481204301,0.08473371689854407,0.17622707981729965,0.2750193406148072
-0.7357357357357355,0.022306142239949953,0.08701306835545569,0.18096761836359995,0.28241740785007097
-0.7257257257257255,0.05993206102852323,0.08754403956310816,0.1820719190931867,0.2841407755572716
-0.7157157157157155,0.12181627060150897,0.0995449833725131,0.20703118395247758,0.3230921136316976
-0.7057057057057055,0.06278154026949039,0.10585579574845695,0.22015625478607595,0.3435750514975529
-0.6956956956956954,0.020957577740317555,0.1078510047704017,0.22430584095356876,0.350050880597095
-0.6856856856856854,0.001100766633472662,0.11242423084576185,0.23381712295681223,0.3648941527414519
-0.6756756756756754,0.03332339662000663,0.11105965200353246,0.23097910577370565,0.3604651534346448
-0.6656656656656654,0.04927612452170258,0.11152504559720755,0.23194701981053753,0.3619756765645594
-0.6556556556556554,0.021810727696062182,0.11750515304249488,0.24438429874329715,0.3813852488883822
-0.6456456456456454,0.002586619062873738,0.11862533062718177,0.24671401626132516,0.3850209975842755
-0.6356356356356354,0.009584339884289025,0.10568364129346312,0.2197982122264957,0.343016291579668
-0.6256256256256254,0.009428043277482097,0.09812223372647307,0.20407218457643295,0.31847430995406145
-0.6156156156156154,0.03688067649046807,0.1007608939065758,0.2095600044808338,0.32703858176226386
-0.6056056056056054,0.038670982570545354,0.10734188309937662,0.223246982347568,0.3483984297028933
-0.5955955955955954,0.0028833114787383375,0.10724206292574073,0.22303937882974087,0.34807444440709584
-0.5855855855855854,0.04942091840270572,0.10398612604914567,0.2162677621836916,0.33750668406729195
-0.5755755755755754,0.017137190952399413,0.10851585176817506,0.22568857322628597,0.3522087675590973
-0.5655655655655654,0.017138301217095305,0.10263919042170044,0.2134664389204767,0.33313494915857644
-0.5555555555555554,0.028276898996373815,0.1037199598890302,0.2157141964148313,0.33664279133924624
-0.5455455455455454,0.00817158736139677,0.10904202196754621,0.22678288893809512,0.353916552683825
-0.5355355355355353,0.033682103778841996,0.10160148591417811,0.2113082468598963,0.32976688246850655
-0.5255255255255253,0.06733753171495625,0.10692570981845571,0.2223814354946843,0.3470476604283977
-0.5155155155155153,0.04103206967587516,0.12637846742653264,0.2628387976067441,0.4101852727783749
-0.5055055055055053,0.005689804934566021,0.1326118814105561,0.27580289718722234,0.4304169994913419
-0.4954954954954953,0.042117633498597234,0.13198905791994256,0.27450756436092993,0.42839550778795005
-0.4854854854854853,0.03744263152352036,0.13253287334249458,0.27563857816964443,0.43016056382940165
-0.4754754754754753,0.018875622776087595,0.13617176612475163,0.2832066569965562,0.4419712801554963
-0.4654654654654653,0.007455319562901428,0.13779851754505015,0.2865899341957744,0.4472512102627802
-0.4554554554554553,0.013100709168221522,0.14373681300391716,0.29894025359768944,0.46652507385864916
-0.4454454454454453,0.006539071112107202,0.15368305887442898,0.31962620871758446,0.4988075002766494
-0.4354354354354353,0.00017179227303795402,0.1572517692423087,0.32704832390224203,0.5103904262728577
-0.4254254254254253,0.006397335412152034,0.15357471858596292,0.3194008852765533,0.49845586133306763
-0.41541541541541527,0.041593852787825056,0.1474106940539918,0.30658110015498113,0.4784493512404446
-0.40540540540540526,0.07787261412739181,0.13982462244695296,0.29080377684702224,0.45382731779745766
-0.39539539539539525,0.024635662762692016,0.12869319039556526,0.2676529009454076,0.4176981449613753
-0.38538538538538525,0.03461312632414205,0.1256642514757833,0.26135338901183736,0.40786714952093717
-0.37537537537537524,0.13275265713676826,0.11979187387039031,0.24914016392433147,0.38880723481413765
-0.36536536536536524,0.13799227507154335,0.10067190964599072,0.2093749372258309,0.3267497664763664
-0.35535535535535523,0.11358658813281672,0.09758951710372436,0.20296425377588112,0.316745277171299
-0.3453453453453452,0.11581633907589067,0.10361799961358607,0.21550214196641854,0.3363118599373449
-0.3353353353353352,0.048856438165179615,0.111826417697807,0.23257380601998281,0.3629538368462073
-0.3253253253253252,0.05850121728667696,0.12817073489359312,0.2665663109689844,0.41600241659122716
-0.3153153153153152,0.29409497842386934,0.13572433432022724,0.2822760994426709,0.4405190554171701
-0.3053053053053052,0.19591595589739585,0.13160598479353053,0.273710858387263,0.4271521713394944
-0.2952952952952952,0.03323647674394591,0.12783666719433218,0.2658715252655256,0.414918136546231
-0.2852852852852852,0.019774633996218285,0.13177831071552104,0.2740692575596441,0.4277114877860208
-0.2752752752752752,0.019430355869827894,0.12876320507240283,0.2677985157312927,0.41792539086727926
-0.26526526526526517,0.027971420734680872,0.1360413309921798,0.2829353812475384,0.4415479282069932
-0.25525525525525516,0.16055456775771942,0.15876149138226642,0.3301882065109424,0.5152905156663148
-0.24524524524524516,0.16543506414205145,0.17718065300422614,0.368495921363194,0.5750733963112681
-0.23523523523523515,0.03981671679238467,0.1841114396864438,0.382910399360262,0.597568578312639
-0.22522522522522515,0.05880169017033724,0.1847827581199653,0.3843065907643128,0.59974746954611
-0.21521521521521514,0.05127723096221097,0.18589944825021829,0.3866290551612293,0.603371899047544
-0.20520520520520513,0.04791879343662769,0.21866339228542617,0.45477069218554983,0.7097134902619634
-0.19519519519519513,0.0018515526100718505,0.3003110992735919,0.6245795652405475,0.9747166007177748
-0.18518518518518512,0.007232232822615439,0.31872880139909804,0.6628842446683254,1.0344947442903207
-0.1751751751751751,0.03413874007958305,0.3121531533330029,0.6492083751442526,1.0131522319888975
-0.1651651651651651,0.06516168675250147,0.31684838849642927,0.6589734086184342,1.0283915077570438
-0.1551551551551551,0.13282190517069875,0.31021610466865324,0.645179749443918,1.0068651733550114
-0.1451451451451451,0.05920917581555007,0.3065570438000427,0.6375697255319366,0.9949889976815233
-0.1351351351351351,0.10620496638692963,0.3069368588747853,0.6383596554906639,0.9962217595056779
-0.12512512512512508,0.22337910691426852,0.3193963593977324,0.6642726152132984,1.0366614303195243
-0.11511511511511507,0.05724240068993548,0.3160187227506934,0.6572478904074189,1.0256986703049094
-0.10510510510510507,0.011969904240877596,0.29591310444012364,0.6154327248218546,0.9604420747864267
-0.09509509509509506,0.010289018275873394,0.2963599018724461,0.6163619630241906,0.9618922405495176
-0.08508508508508505,0.015527418932706543,0.2956926255947384,0.6149741783954037,0.9597264688989857
-0.07507507507507505,0.00959284112271558,0.30487902689499546,0.6340798276508534,0.9895426757254222
-0.06506506506506504,0.10288461808917822,0.3223907237746644,0.6705002198714004,1.0463802075270712
-0.055055055055055035,0.04608156840530205,0.2817775180897365,0.5860338834253809,0.9145623496949155
-0.04504504504504503,0.04992473135717985,0.19622377740658048,0.40810133850832725,0.6368814664405654
-0.03503503503503502,0.06741383163261502,0.17226926252910932,0.35828133344055313,0.5591325475038711
-0.025025025025025016,0.02295102925596686,0.1595982428922689,0.3319284615184857,0.518006351309579
-0.01501501501501501,0.06612663380338019,0.14369893811861018,0.2988614823519519,0.46640214373868916
-0.005005005005005003,0.5571479080999063,0.1534457198246868,0.31913259685688017,0.49803717139988835
0.005005005005005003,1.0,0.15773319566749894,0.328049582623841,0.5119529869966944
0.01501501501501501,0.19627569536027034,0.1529771495995687,0.3181580761408733,0.49651633791045213
0.025025025025025016,0.13574825620326142,0.14315925856933004,0.29773907022974294,0.4646505114579523
0.03503503503503502,0.19004921985931802,0.1364584582647551,0.28380291218857007,0.44290179384224526
0.04504504504504503,0.01554774581427124,0.13771666485140063,0.28641969899655256,0.4469855418292571
0.055055055055055035,0.03008964376995772,0.16331052884366382,0.33964918163565494,0.5300552790787771
0.06506506506506504,0.13425327467949238,0.24114405013958604,0.5015254060234189,0.7826787268399941
0.07507507507507505,0.2073997499459031,0.26038323289879095,0.5415385804694968,0.8451231415319596
0.08508508508508505,0.08490764341068559,0.2526973122760591,0.5255535936587168,0.8201770291808115
0.09509509509509506,0.022986312294121184,0.26342685478966943,0.5478686296816627,0.8550017933384471
0.10510510510510507,0.11861949061627795,0.26225442711649255,0.5454302437273638,0.8511964570756494
0.11511511511511507,0.03307667101386381,0.26177011961089836,0.5444229930063,0.8496245452592139
0.12512512512512508,0.0516743491075414,0.27270689245471197,0.5671690215228837,0.8851219147368324
0.1351351351351351,0.08169102906545882,0.2865768576592623,0.596015430657657,0.930139516047454
0.1451451451451451,0.018781057952720125,0.2785395545501167,0.5792996472791568,0.9040529252273536
0.1551551551551551,0.07614885534250726,0.2766857654102482,0.5754441826698655,0.8980361011631388
0.1651651651651651,0.05114639012069748,0.29601023707758095,0.6156347388686897,0.9607573371740977
0.1751751751751751,0.0012034098616518888,0.2967729306337836,0.6172209699833475,0.9632328036896195
0.18518518518518512,0.039956628336432716,0.30972130758442135,0.6441506827577405,1.0052592156226658
0.19519519519519513,0.08611850814737866,0.33601767284428075,0.6988412100846932,1.090609053904774
0.20520520520520513,0.08567136417691833,0.2970288117996485,0.6177531452766206,0.9640633145191652
0.21521521521521514,0.02656196506111205,0.2290749277439304,0.4764243450338411,0.7435061022397194
0.22522522522522515,0.024148629949501517,0.21237715570780433,0.441696733486896,0.6893103178082368
0.23523523523523515,0.01209928190982918,0.20087540873036966,0.4177756857998496,0.6519792176814728
0.24524524524524516,0.0377932740671538,0.18956050572412686,0.3942432315633187,0.6152545550820103
0.25525525525525516,0.015118456831298041,0.19702994072425825,0.4097779769532133,0.6394980223072348
0.26526526526526517,0.06794693011481912,0.21534552283108413,0.4478702697025635,0.6989447160009251
0.2752752752752752,0.20277119908781072,0.21407553377487964,0.44522897800704136,0.6948227257754332
0.2852852852852852,0.07297709778581879,0.20357091241871475,0.4233817274208324,0.6607279858711306
0.2952952952952952,0.020471520901477004,0.2041735652313876,0.4246351097721363,0.6626840098156411
0.3053053053053052,0.0578743633460047,0.20116798692037646,0.4183841826524645,0.6529288356592877
0.3153153153153152,0.025274858702227666,0.17920890367687684,0.3727142267351474,0.5816564683516676
0.3253253253253252,0.01957251606412986,0.18125216539697075,0.37696375171073365,0.5882882615920909
0.3353353353353352,0.016012922042042972,0.1894988472886297,0.39411499588062365,0.615054430941415
0.3453453453453452,0.003346040585580577,0.1639028883935159,0.340881156314605,0.5319778942875761
0.35535535535535523,0.08552894723576046,0.1591479532080777,0.33099196021745253,0.5165448507810445
0.36536536536536524,0.20010390082683313,0.14933651472606513,0.31058637415585644,0.48469996729698
0.37537537537537524,0.06804632963766519,0.13649545188052944,0.2838798505918222,0.4430218636348804
0.38538538538538525,0.14568684395212936,0.14093151552167568,0.29310586557118323,0.4574199490980041
0.39539539539539525,0.35185986284289045,0.15539299004076393,0.32318248108661796,0.5043574060175391
0.40540540540540526,0.06475097028770857,0.15600952964451437,0.32446474484108945,0.5063585021749208
0.41541541541541527,0.13998051561061253,0.14214467524047186,0.29562896502227193,0.4613574889361685
0.4254254254254253,0.13859009305510053,0.1504177584153972,0.3128351179253529,0.48820934865505344
0.4354354354354353,0.0633449015262948,0.1664146166983399,0.3461049864574934,0.5401301846329098
0.4454454454454453,0.028729201957340487,0.18638423601273468,0.38763730470871144,0.6049453696288597
0.4554554554554553,0.0809346859544462,0.21508124958586544,0.44732064077108985,0.6980869670870044
0.4654654654654653,0.19928317073653154,0.22261332899480074,0.4629856724464735,0.7225337586160957
0.4754754754754753,0.11134422089389603,0.22792327001348614,0.4740291558905605,0.7397681787632836
0.4854854854854853,0.0675861983380134,0.21572596208220995,0.44866149780782943,0.7001795037078526
0.4954954954954953,0.08370879364250902,0.21197301905986954,0.44085622012433484,0.687998615707804
0.5055055055055053,0.03304637035505455,0.21398552507044327,0.4450417801391613,0.6945305854628193
0.5155155155155153,0.028342777785435223,0.21428240096252396,0.4456592152458046,0.6954941524474026
0.5255255255255253,0.0587888259417095,0.22790975720725787,0.47400105229179357,0.7397243203891347
0.5355355355355353,0.09796404738691365,0.22906298527450897,0.47639950738256165,0.7434673406913558
0.5455455455455454,0.03972256488945541,0.21535098013181486,0.44788161966107665,0.6989624287049516
0.5555555555555554,0.0034563016351102462,0.20909746336098806,0.43487571080391124,0.6786654545866596
0.5655655655655654,0.035266370596160584,0.20358760722638544,0.4234164488671658,0.660782172034152
0.5755755755755754,0.003495949558541863,0.18660200044266595,0.3880902057613209,0.6056521653663908
0.5855855855855854,0.10058287291173977,0.16869497845365802,0.35084762619732607,0.5475315309831676
0.5955955955955954,0.2339508160256023,0.15195990746494042,0.3160424412152002,0.493214685730529
0.6056056056056054,0.17143561919103184,0.12510587259783149,0.26019208649030473,0.40605482502428586
0.6156156156156154,0.025626450208222937,0.11689696352241141,0.24311940128543952,0.3794112545104126
0.6256256256256254,0.041507284698594216,0.10524565079406052,0.21888729046450264,0.3415947103868415
0.6356356356356354,0.22421279488667553,0.09497617955065632,0.19752909924223191,0.3082631947493837
0.6456456456456454,0.2004450006996835,0.1025995925297251,0.21338408420826588,0.3330064266938552
0.6556556556556554,0.07870344413039623,0.12398419455497361,0.25785924835664054,0.40241420630696656
0.6656656656656654,0.07312661133681304,0.1317161460664317,0.2739399690664933,0.42750972063325243
0.6756756756756754,0.05331657186474306,0.12285437919158188,0.25550948642584215,0.39874717637331547
0.6856856856856854,0.009249094353387168,0.13452041415637134,0.2797722161884579,0.4366115043060467
0.6956956956956954,0.0023107575664698308,0.15764805417804045,0.3278725074687817,0.5116766441529377
0.7057057057057055,0.02042584609470623,0.1726424791923436,0.35905754018691466,0.5603438929326577
0.7157157157157155,0.0159274555463945,0.1826854953351753,0.3799447557156322,0.5929404056135843
0.7257257257257255,0.0003096809662042524,0.19463727600799377,0.40480177230454845,0.6317321754086824
0.7357357357357355,0.023267147030832283,0.20181136231881,0.4197222588261793,0.655017032475401
0.7457457457457455,0.010494402891046799,0.19858131049889002,0.41300447727807826,0.6445332869938981
0.7557557557557555,0.012683595735156709,0.19978501903318513,0.41550792039038714,0.6484401512211646
0.7657657657657655,0.009041713731815329,0.20418072481419192,0.4246500000946254,0.6627072475988283
0.7757757757757755,0.0003499217337311355,0.20249981621550303,0.42115408814092914,0.6572515401028536
0.7857857857857855,0.009001661145739068,0.20220425675935755,0.4205393909250468,0.6562922458606463
0.7957957957957955,0.03838983504689529,0.19821305891408061,0.4122385967785039,0.6433380566683372
0.8058058058058055,0.054219241311513074,0.1794728973917569,0.3732632743063655,0.5825133099968853
0.8158158158158155,0.0315207175098434,0.16705717956532273,0.3474413727484784,0.5422157442241735
0.8258258258258255,0.011978833205324727,0.16439795151459655,0.34191077629761296,0.533584715492945
0.8358358358358355,0.015613054873715988,0.1571358587663605,0.32680725617331147,0.5100142168507715
0.8458458458458455,0.060634020487914116,0.1324693159641598,0.2755063931128011,0.42995427630985666
0.8558558558558556,0.08326513470944376,0.113193869844266,0.23541779902985993,0.3673921620065653
0.8658658658658656,0.02234831207308785,0.10728470887133135,0.22312807280815422,0.3482128599076253
0.8758758758758756,0.06288211640780414,0.10632688183718571,0.22113600793273214,0.34510405069925343
0.8858858858858856,0.23934051351838784,0.10174350865072178,0.21160362221984563,0.330227844182287
0.8958958958958956,0.14377809103303163,0.09720114370682345,0.20215652443129772,0.3154847376902337
0.9059059059059056,0.08390595343410394,0.09463896401356112,0.19682776674383032,0.30716869779998124
0.9159159159159156,0.08927615618524268,0.09526041955610565,0.1981202545457053,0.3091857495686019
0.9259259259259256,0.1053844066173817,0.09785652648890464,0.20351957326328746,0.31761190674613715
0.9359359359359356,0.10440273644334598,0.10248018473095351,0.21313574283419245,0.3326188660475808
0.9459459459459456,0.08661534593236116,0.11420257494991447,0.2375156788547008,0.37066610564062535
0.9559559559559556,0.1067198118431587,0.1278102746592246,0.26581663472653794,0.4148324745704778
0.9659659659659656,0.06965235558309586,0.14527744353411562,0.30214441870872,0.47152548229173535
0.9759759759759756,0.010247172531485426,0.1494490237390712,0.31082036760664455,0.4850651366262944
0.9859859859859856,0.01509441773447514,0.15464419775397198,0.3216251614868055,0.5019270587070633
0.9959959959959956,0.0879191638062794,0.17461341504537095,0.3631566436205821,0.5667409388611714
1.0060060060060056,0.07180931481912549,0.18014733438332073,0.37466595160997507,0.5847023231016476
1.0160160160160157,0.02546645821472908,0.18647462971602027,0.38782530328763565,0.6052387595282205
1.0260260260260257,0.046132817914750844,0.1873405187629327,0.3896261578207357,0.6080491665709397
1.0360360360360357,0.1894658743369689,0.18248579154346917,0.3795294167298191,0.5922922291010507
1.0460460460460457,0.04978843993729995,0.18201984861430726,0.37856036019868594,0.5907799229986799
1.0560560560560557,0.004338970570143173,0.18709762841527566,0.38912100050850945,0.6072608199044726
1.0660660660660657,0.03968766769877573,0.19037136901588667,0.395929644897564,0.6178863656055066
1.0760760760760757,0.13498371836795037,0.19022993212455386,0.39563548796393316,0.6174273053634127
1.0860860860860857,0.08828683849797633,0.19092796695693853,0.39708724347076635,0.6196929097338483
1.0960960960960957,0.02331179655555297,0.1876369540066863,0.390242676477933,0.6090113033478466
1.1061061061061057,0.016279037424373165,0.17842595820422466,0.3710858761876685,0.5791152704022849
1.1161161161161157,0.014603155066104096,0.16322460149060017,0.3394704720609886,0.5297763855657186
1.1261261261261257,0.03636911324956066,0.1647573044138235,0.3426581495319356,0.534751063447582
1.1361361361361357,0.010480601330910087,0.16646293603097373,0.34620547980536553,0.5402870141865551
1.1461461461461457,0.018788653678030613,0.15003014782058127,0.3120289750375997,0.48695128499275453
1.1561561561561557,0.10910127092855511,0.1463992054231764,0.30447743122363435,0.47516637314780047
1.1661661661661658,0.173199078045469,0.1353189849718843,0.28143306393592155,0.43920341726767886
1.1761761761761758,0.0181900923721442,0.1318499655778286,0.2742182835625314,0.42794405722478707
1.1861861861861858,0.1495540900948996,0.13610649312437792,0.2830709038316084,0.4417594242594045
1.1961961961961958,0.20470609428849132,0.1478784243855397,0.3075538740812017,0.4799674586960855
1.2062062062062058,0.025482410827852586,0.14182011365959743,0.2949539499077235,0.46030406280040886
1.2162162162162158,0.066501198800761,0.14094954734137485,0.29314336770192506,0.4574784747870127
1.2262262262262258,0.10770619856468522,0.1591876654420956,0.3310745527354035,0.5166737443645399
1.2362362362362358,0.029163377379386925,0.15583340387998884,0.3240984428505833,0.5057868526191355
1.2462462462462458,0.01798973195798334,0.1583933096031787,0.3294224711915742,0.5140955119084561
1.2562562562562558,0.05264503128714721,0.1731382372786411,0.3600886055413193,0.561952969779378
1.2662662662662658,0.0670960660144409,0.17470772267639223,0.36335278228919804,0.5670470321549362
1.2762762762762758,0.031478023158875906,0.20240203881016514,0.4209507331218706,0.6569341849988016
1.2862862862862858,0.035979926925345206,0.1983324389146362,0.41248688033853803,0.6437255270902319
1.2962962962962958,0.027409688927778283,0.19480539829095883,0.4051514288528929,0.6322778481478951
1.3063063063063058,0.08762897204261497,0.19418985651874515,0.4038712403636678,0.6302799906419183
1.3163163163163158,0.06221355972894277,0.2090952035286427,0.4348710108607282,0.678658119872401
1.3263263263263259,0.08699136436793185,0.21573119075685795,0.44867237227549434,0.7001964743625887
1.3363363363363359,0.14133526278814265,0.21167552055823935,0.4402374901298146,0.6870330279259037
1.3463463463463459,0.014833214136637173,0.20702202688559568,0.43055926957140117,0.6719292320787558
1.3563563563563559,0.04327126250352206,0.20597924594870545,0.42839051967910813,0.6685446888748666
1.3663663663663659,0.018048862532094805,0.20547799079723758,0.42734802166509633,0.6669177702610929
1.3763763763763759,0.11927044345344773,0.19443625172154622,0.4043836869865702,0.6310797129801481
1.386386386386386,0.056397988028316935,0.2001167826424206,0.4161979141046393,0.6495169529052119
1.396396396396396,0.17016741307427566,0.19959914860618796,0.4151213516929072,0.6478368735160954
1.406406406406406,0.04583322366673292,0.17560613432015723,0.36522127651144665,0.5699629974508381
1.4164164164164168,0.018891360963854735,0.17435420631266813,0.3626175477364483,0.5658996277826678
1.4264264264264268,0.11236440664397944,0.13834369535654586,0.2877237814671754,0.44902068819580787
1.4364364364364368,0.021876212645892415,0.1320132168769014,0.2745578095595607,0.42847392026241665
1.4464464464464468,0.09941047992954222,0.13749916719203453,0.2859673527667385,0.4462796119461653
1.4564564564564568,0.11754237594601702,0.1657543399396852,0.3447317592545811,0.5379871312483178
1.4664664664664668,0.06074397975500902,0.18299617691135905,0.380590903541172,0.5939487815629779
1.4764764764764768,0.40733245289563974,0.1857633909107188,0.386346086485886,0.602930299160692
1.4864864864864868,0.1175994123044043,0.2044606697814879,0.42523222268442623,0.6636158620575373
1.4964964964964969,0.029744410174665184,0.21368083221297196,0.44440808750205385,0.6935416470352495
1.5065065065065069,0.04087736947401875,0.22657396147762773,0.4712228975113654,0.7353887421304963
1.5165165165165169,0.16852482016128773,0.2295788693094082,0.47747243018498653,0.7451417401194083
1.5265265265265269,0.14996115801695756,0.22467246371082136,0.46726820968474,0.72921707067374
1.5365365365365369,0.010450319785195259,0.24851078940872043,0.5168465673827087,0.8065888756029046
1.5465465465465469,0.0863354744601664,0.23894008478259893,0.4969416536153264,0.7755253394824888
1.556556556556557,0.024140689638875956,0.2432320350690047,0.5058679452189384,0.7894556777341692
1.566566566566567,0.0340803112881328,0.24194575890234107,0.5031927799956173,0.7852808246042404
1.576576576576577,0.08493918716303339,0.25388267855580116,0.5280188890055851,0.8240243601439041
1.586586586586587,0.024281701691083256,0.25652162011451324,0.5335072941142288,0.8325895452197221
1.596596596596597,0.10114064558862913,0.25279054327424944,0.5257474931731119,0.8204796280586331
1.606606606606607,0.006657306054859891,0.23444165937669575,0.48758594018654505,0.7609248470903317
1.616616616616617,0.02726192268858988,0.2067531947872904,0.4300001592505095,0.6710566865429506
1.626626626626627,0.004384755552414767,0.19734008029974515,0.4104229975391657,0.6405046390906234
1.636636636636637,0.026681164303258287,0.19208229028697354,0.3994879764618687,0.6234394849190562
1.646646646646647,0.07127744793987932,0.178176608716395,0.37056728531614125,0.5783059593719704
1.656656656656657,0.24288477458269353,0.17018161998467352,0.35393950632881704,0.5523567078850615
1.666666666666667,0.39146701810100953,0.17127752228966497,0.3562187367230758,0.555913666558996
1.676676676676677,0.23285352672897608,0.1827013432391851,0.37997771579276673,0.5929918429902323
1.686686686686687,0.16393862542904963,0.15425737593477173,0.3208206590749864,0.5006715551655482
1.696696696696697,0.21601604452348494,0.1492640649532819,0.3104356949179056,0.484464817825579
1.706706706706707,0.11375823808581877,0.15354689766353344,0.31934302401309145,0.49836556325549114
1.716716716716717,0.04183411788111325,0.16917728286343373,0.35185071092945874,0.5490969413724104
1.726726726726727,0.024905844981425326,0.20382199866733713,0.4239039303643192,0.6615429338878244
1.736736736736737,0.002759506191422835,0.21947550241692518,0.45645969866611613,0.7123493476401885
1.746746746746747,0.004905513289452462,0.2326152648542778,0.48378745022220876,0.7549969374500722
1.756756756756757,0.04554669357157866,0.23751722474324694,0.4939824246460135,0.7709071775024321
1.766766766766767,0.013532048255492804,0.24144926806986716,0.5021601906939146,0.7836693694909027
1.776776776776777,0.003540830064056203,0.23804149961416557,0.4950727985007826,0.7726088109793819
1.786786786786787,0.029070188867968944,0.22592717173466853,0.46987772026871055,0.7332894634119899
1.796796796796797,0.07045521021983006,0.22197637268314566,0.4616609465300054,0.7204663961629466
1.806806806806807,0.09670923515271838,0.21490074842255744,0.44694523893487065,0.6975011163450547
1.816816816816817,0.06607828295308402,0.20504278677533996,0.4264428951498086,0.6655052331092233
1.826826826826827,0.09966902223863937,0.19080671335210897,0.39683506323509915,0.6192993581741153
1.836836836836837,0.1254562383397566,0.1901985545291379,0.3955702296203335,0.6173254634294432
1.846846846846847,0.03929964009017996,0.1893317408159144,0.39376745198920615,0.6145120552069284
1.856856856856857,0.011809050635479866,0.1862257905417248,0.3873077737535217,0.6044311048172178
1.866866866866867,0.1664565751120742,0.17435476609236367,0.36261871195235545,0.5659014446537836
1.876876876876877,0.201588123973961,0.1340369893915893,0.27876680136981014,0.43504245759225263
1.886886886886887,0.04915553413699914,0.11700545217712598,0.24334503329490922,0.3797633750047787
1.8968968968968971,0.03323146018092063,0.1089374997341645,0.2265655061931968,0.3535773059617834
1.9069069069069071,0.057699948447903986,0.09295078701486337,0.1933167381523258,0.30168939933395444
1.9169169169169171,0.007455115035944608,0.08510549438215387,0.17700029339362405,0.2762260149133066
1.9269269269269271,0.21487810950836275,0.09778252558700701,0.2033656680255309,0.3173717227911579
1.9369369369369371,0.14239808838034462,0.10997723747814078,0.22872792692845334,0.35695197190619216
1.9469469469469471,0.08167684754513854,0.11656717882193197,0.24243352325646672,0.3783408757498621
1.9569569569569571,0.028475859252826054,0.12111311098880391,0.2518880400667535,0.3930955603402915
1.9669669669669672,0.02574980157776631,0.12188763436968654,0.25349887455695536,0.3956094227943149
1.9769769769769772,0.0491980546112186,0.12795980596088652,0.266127626213725,0.4153178067556996
1.9869869869869872,0.03363369548120211,0.15490840648912166,0.3221746562518398,0.5027845982413263
1.9969969969969972,0.011297661194637851,0.18641268301568087,0.3876964680788815,0.6050376997694351
2.007007007007007,0.01934960614993953,0.19712786895082612,0.4099816456465199,0.6398158669301789
2.017017017017017,0.0039953720129295624,0.20275608669342834,0.42168707311575604,0.6580833145184909
2.027027027027027,0.03686554518922392,0.21036924132437082,0.43752072302415035,0.6827932510495099
2.037037037037037,0.042376048964367995,0.20220047297014024,0.4205315214942131,0.6562799648554731
2.047047047047047,0.01997672644143467,0.2030376784017058,0.422272720556549,0.6589972737872174
2.057057057057057,0.019588385426430918,0.2023237596736847,0.4207879301180901,0.6566801152224868
2.067067067067067,0.0048246338577015695,0.2022945033946739,0.42072708363566125,0.6565851584230342
2.0770770770770772,0.03487424469951698,0.18282752358302068,0.38024014253784993,0.5934013852153394
2.0870870870870872,0.06208835835569254,0.17855679916287173,0.37135799596367774,0.579539939536245
2.0970970970970972,0.019025595948508667,0.19146116300060748,0.3981961713590405,0.6214234985680881
2.1071071071071072,0.004795144422001778,0.20713440534969885,0.43079299150982353,0.6722939776868585
2.1171171171171173,0.02935644225293619,0.22900363891065348,0.47627608028904056,0.7432747208175579
2.1271271271271273,0.08348509796863846,0.24637535211132958,0.512405337930887,0.7996579090532384
2.1371371371371373,0.009814933594888338,0.23104639292406262,0.48052454934887406,0.7499048661996929
2.1471471471471473,0.04750806301375766,0.2027779530753058,0.42173255027367473,0.6581542860059422
2.1571571571571573,0.048007964075019394,0.18929890961363408,0.3936991704701542,0.6144054953163297
2.1671671671671673,0.0015509457780429848,0.17655258875988245,0.3671896889474619,0.5730348947481896
2.1771771771771773,0.11905854529003751,0.1864589744532405,0.3877927438609465,0.6051879474052021
2.1871871871871873,0.16884567259514383,0.1976182367416845,0.4110015003983526,0.6414074485512482
2.1971971971971973,0.30156217598803176,0.1867662143582574,0.38843173378427664,0.6061851527584087
2.2072072072072073,0.14268406720763738,0.1893092375584487,0.3937206502732576,0.614439016619027
2.2172172172172173,0.1436090130821905,0.1951698397226667,0.4059093850906822,0.6334607118992991
2.2272272272272273,0.1706353696295814,0.1961763716096211,0.4080027451092608,0.6367276019401246
2.2372372372372373,0.010161936671961367,0.19597485338537637,0.4075836325117202,0.6360735363428369
2.2472472472472473,0.12134270136434756,0.19848037921757788,0.41279456290610334,0.6442056953875118
2.2572572572572573,0.023847987932667077,0.2135964539674032,0.44423259972267903,0.6932677814442197
2.2672672672672673,0.021449152555090008,0.20237451543415486,0.42089349068806087,0.6568448526645324
2.2772772772772774,0.0019232336914371034,0.19637273495255375,0.40841113671268375,0.6373649363929367
2.2872872872872874,0.12100299993820633,0.19688019978626772,0.4094665494695968,0.6390120097075691
2.2972972972972974,0.21604671559147293,0.1966350693595477,0.4089567332965737,0.6382163924398657
2.3073073073073074,0.2577303939215601,0.21562589597431173,0.44845338280203195,0.6998547201857866
2.3173173173173174,0.3137983791988509,0.220625403622462,0.45885123463252236,0.7160815699820641
2.3273273273273274,0.3394474451765317,0.19701135242617387,0.4097393174725474,0.639437690462139
2.3373373373373374,0.15669750988072384,0.18779817539913776,0.39057798072558936,0.6095345779387403
2.3473473473473474,0.027520513625257897,0.21214317585528597,0.44121010800114324,0.688550891842847
2.3573573573573574,0.03637241019493463,0.22632426668948166,0.4707035884928165,0.7345783103625484
2.3673673673673674,0.007511665646079615,0.24032216785707228,0.4998160756658896,0.7800111520932074
2.3773773773773774,0.2912075510878443,0.2688330641134763,0.5591123295556607,0.8725486705188641
2.3873873873873874,0.11575881160232862,0.28606159071447496,0.5949437912639199,0.9284671195023374
2.3973973973973974,0.009128867806374133,0.27641110661368257,0.5748729541266535,0.8971446439736002
2.4074074074074074,0.01951496656618349,0.2415157803363027,0.5022985212536373,0.7838852476599178
2.4174174174174174,0.06625479010447564,0.23153003563410238,0.4815304174446557,0.7514746202961355
2.4274274274274275,0.016984768529870582,0.2306031459452869,0.4796026952916396,0.7484662241066246
2.4374374374374375,0.03628392256767021,0.26518606985440313,0.5515274014784886,0.8607116593140184
2.4474474474474475,0.12098443428498146,0.2769966485538625,0.576090749710341,0.8990451313378384
2.4574574574574575,0.1656284165330017,0.27446726474531613,0.5708302000893324,0.8908355367083345
2.4674674674674675,0.050033117992032285,0.2756945482146449,0.5733826737659776,0.8948189178561999
2.4774774774774775,0.12542936781243763,0.29127534744366507,0.6057872330117084,0.945389355304937
2.4874874874874875,0.027297573306867405,0.3055556224896257,0.6354869943635055,0.9917386949856286
2.4974974974974975,0.0763741690548355,0.2975018480857678,0.6187369543953714,0.965598643456183
2.5075075075075075,0.1721096823653363,0.3025618719329523,0.6292606663135315,0.9820219100480888
2.5175175175175175,0.051128799886293354,0.2945987692151308,0.612699203065942,0.9561761506637171
2.5275275275275275,0.0031072801957933707,0.28794555791980675,0.5988620194642089,0.9345818921986733
2.5375375375375375,0.08183138374635489,0.2803066325400954,0.5829747721926106,0.9097883118173314
2.5475475475475475,0.20311097906972772,0.26905228151211596,0.5595682524565015,0.8732601821417681
2.5575575575575575,0.02873954781231122,0.2793419635065841,0.5809684774968471,0.9066572956030248
2.5675675675675675,0.03199926949577959,0.2906188437733309,0.6044218529841705,0.9432585481937291
2.5775775775775776,0.062127974306815555,0.2789857235349441,0.5802275784520019,0.9055010512449688
2.5875875875875876,0.03185856444402578,0.23238821459585213,0.48331523673413496,0.7542600027959083
2.5975975975975976,0.012161560160278322,0.22029802016432537,0.4581703506477328,0.7150189849087251
2.6076076076076076,0.0022491416116456765,0.21639954850772816,0.45006240612530335,0.7023657561392774
2.6176176176176176,0.03117116945092124,0.2115434504137709,0.4399628139236642,0.6866043692363515
2.6276276276276276,0.24990793990832602,0.1989503070802813,0.41377190720303975,0.6457309353470898
2.6376376376376376,0.340230293625587,0.18691200523178103,0.38873494602192504,0.6066583446750589
2.6476476476476476,0.11882561336125885,0.18058972295247433,0.3755860203681984,0.5861381790635644
2.6576576576576576,0.2526171083806157,0.16419418849859788,0.3414869950379379,0.5329233639984893
2.6676676676676676,0.07084610169193038,0.15226637800483264,0.31667983103205316,0.4942093939633797
2.6776776776776776,0.15361054299079688,0.13561433853530722,0.28204733294123346,0.44016204324602537
2.6876876876876876,0.24577637962858073,0.13882368496053893,0.2887220519237357,0.45057858544408025
2.6976976976976976,0.18687414273402367,0.16488698170287402,0.34292784913682095,0.5351719556712774
2.7077077077077076,0.18723039133718797,0.17723337031124206,0.3686055615089506,0.5752445003244661
2.7177177177177176,0.02428192360788405,0.22053273439418836,0.45865850347324677,0.7157807944349981
2.7277277277277276,0.24249370236077397,0.2422672581536892,0.5038614261532781,0.7863243113690167
2.7377377377377377,0.15012095599288988,0.256459037657639,0.5333771366748243,0.8323864219925868
2.7477477477477477,0.00048561923547458163,0.2707680054510453,0.5631365724900979,0.8788288894242112
2.7577577577577577,0.08237901556931551,0.2717529925210021,0.565185124133408,0.8820258516773598
2.7677677677677677,0.03679218396657698,0.28976466302462167,0.6026453490788666,0.9404861426522945
2.7777777777777777,0.06046696903837642,0.2900777282515672,0.6032964543620564,0.9415022551920886
2.7877877877877877,0.04422007725001279,0.3021049746769427,0.628310422748747,0.9805389633926634
2.7977977977977977,0.0011996744956271946,0.3028069015999949,0.6297702729290802,0.9828172002811589
2.8078078078078077,0.009766758647467438,0.3074007033181167,0.6393243476430882,0.9977272545744899
2.8178178178178177,0.0007492144264315109,0.3398681651218201,0.7068493682862541,1.1031065565043496
2.8278278278278277,0.030008116764385175,0.3422839914889724,0.7118737439611539,1.1109475789314622
2.8378378378378377,0.0497302925883215,0.3284287849321671,0.6830580294953903,1.065977879609798
2.8478478478478477,0.1120482390008064,0.305449390740008,0.6352660562092,0.9913938997045811
2.8578578578578577,0.09053147176719352,0.28197518162569885,0.5864449791379732,0.9152039041706747
2.8678678678678677,0.03814335179936429,0.22353849778218823,0.46490981551144284,0.7255365692938024
2.8778778778778777,0.052618507865809766,0.19996678923030226,0.4158859615316028,0.6490301208529045
2.8878878878878878,0.06587227916249666,0.1912740720597067,0.3978070642670585,0.6208162594537797
2.8978978978978978,0.014262315505211037,0.17726029031261983,0.36866154905918586,0.5753318742919874
2.9079079079079078,0.19469239088996074,0.17058019825296353,0.35476845951145014,0.5536503692106913
2.9179179179179178,0.4990522412072488,0.15858937995470443,0.32983025343874617,0.5147318954021164
2.9279279279279278,0.313196919301212,0.1612883348988736,0.3354434728958708,0.5234918652967834
2.937937937937938,0.0716140332115394,0.15123602387117024,0.31453692609646045,0.4908651843050349
2.947947947947948,0.01662087951972228,0.15056460108361042,0.31314051765947265,0.48868595437075074
2.957957957957958,0.03835063435253019,0.14024975518368915,0.2916879573535786,0.45520716668418776
2.967967967967968,0.06803880152768951,0.12262379350316269,0.2550299200382797,0.3979987668109191
2.977977977977978,0.04164980724539409,0.16572031511789026,0.34466099527530947,0.5378766972393177
2.987987987987988,0.020128863527173888,0.1972356584076754,0.41020582348163576,0.6401657180453307
2.997997997997998,0.002584662804632411,0.1993365052159738,0.4145751124933902,0.646984414605553
3.0080080080080087,0.15979177333862302,0.19989949342181113,0.4157460013805741,0.6488116995496169
3.0180180180180187,0.36500057578491335,0.2083938565004739,0.43341236673137046,0.6763817651426766
3.0280280280280287,0.07728043225823249,0.21115498703850696,0.43915489744431624,0.6853435377134526
3.0380380380380387,0.08163505054613542,0.2141154495530517,0.4453119938510686,0.6949522800000656
3.0480480480480487,0.022220542744590576,0.2198174135498715,0.45717079694814117,0.7134590850360394
3.0580580580580587,0.01806372181284022,0.2136656875228972,0.4443765899517952,0.6934924920727311
3.0680680680680688,0.00938532443259153,0.22297739900982036,0.4637428562210596,0.723715416864231
3.0780780780780788,0.08781702075891805,0.24639806652630583,0.5124525788069815,0.7997316329928679
3.0880880880880888,0.0862512512584083,0.2522790210335549,0.5246836419219373,0.8188193856605089
3.0980980980980988,0.037000990607224886,0.2510119600380231,0.5220484399342761,0.8147068990109839
3.108108108108109,0.02944004837212864,0.2553079295459656,0.5309830906150119,0.8286502824080595
3.118118118118119,0.014430057053053976,0.24200770771486593,0.5033216195972422,0.7854818912185242
3.128128128128129,0.061620399765854386,0.1933277686110177,0.40207829134543327,0.6274819209169813
3.138138138138139,0.08399602827462134,0.16081075353916505,0.33445021104595835,0.5219417844618517
3.148148148148149,0.07841690063359946,0.17761790834874713,0.36940531416832384,0.5764925914195679
3.158158158158159,0.016716112341634004,0.18880960279427977,0.3926815223005036,0.6128173572793985
3.168168168168169,0.03174171860964724,0.18487059143075638,0.384489264302521,0.6000325492062728
3.178178178178179,0.15524518130113776,0.17993081997771132,0.3742156503269025,0.5839995845550121
3.188188188188189,0.22395717376354418,0.17696322171756546,0.3680437131736842,0.5743676818533735
3.198198198198199,0.021161184507460518,0.1746300010502906,0.36319113878165626,0.5667947718842394
3.208208208208209,0.00969970337928329,0.18562283643523364,0.38605376477881787,0.6024741029665054
3.218218218218219,0.08728024276330427,0.18706442167544843,0.38905193795579485,0.6071530411355771
3.228228228228229,0.05513883973279074,0.1638838306539826,0.3408415205012735,0.5319160387812688
3.238238238238239,0.1117196390042933,0.16516537733616402,0.3435068494602379,0.5360755414727727
3.248248248248249,0.13807784924375976,0.1997258743615268,0.41538491277128814,0.6482481859776262
3.258258258258259,0.061790324545127444,0.20352898594578384,0.4232945297837867,0.660591905555504
3.268268268268269,0.06189419972244775,0.2014541770967343,0.4189793938729557,0.6538577201278707
3.278278278278279,0.028346627485173314,0.2058161854029906,0.42805139040617474,0.66801544496342
3.288288288288289,0.1330532206555415,0.2158935094393091,0.449009958639638,0.7007233104161827
3.298298298298299,0.04677122837504454,0.20917632868492472,0.4350397329458036,0.6789214269454835
3.308308308308309,0.06260885052297792,0.208055479889829,0.4327086194610386,0.6752834997089715
3.318318318318319,0.041649049327545457,0.21162356573527777,0.44012943577945596,0.6868643986992433
3.328328328328329,0.03469786994455154,0.21875400511439694,0.4549591464966315,0.7100075913752738
3.338338338338339,0.04172881275412288,0.21681986520387478,0.45093657035026086,0.7037299736533286
3.348348348348349,0.21720551594512627,0.22141769644005735,0.46049902555584776,0.7186531065113753
3.358358358358359,0.12961005512479173,0.22235894648462315,0.46245661402007554,0.7217081119576735
3.368368368368369,0.04681441572755446,0.22900708067949796,0.4762832383943978,0.7432858917307764
3.378378378378379,0.04682641339547678,0.23182827706339218,0.4821506925616697,0.752442619390587
3.388388388388389,0.054549520045329654,0.2173962577715469,0.4521353372962555,0.7056007649947053
3.398398398398399,0.04496322702715628,0.17603837389767157,0.366120237648936,0.5713659129365112
3.408408408408409,0.12375580550719371,0.19039667569100194,0.39598227709190986,0.6179685032168152
3.418418418418419,0.22304046312438966,0.22259480403846746,0.46294714470240833,0.7224736323586604
3.428428428428429,0.07103144701396645,0.22875144483251827,0.4757515733092487,0.742456177130176
3.438438438438439,0.07115295389995732,0.2153597675194953,0.4478998954517161,0.6989909498374366
3.448448448448449,0.3376728807908426,0.21310581737052514,0.44321218591476313,0.6916753273622579
3.458458458458459,0.11134108679994535,0.20908870872008667,0.4348575031192094,0.6786370397400537
3.468468468468469,0.02400486184199315,0.209808903029133,0.43635534535521375,0.6809745668926229
3.478478478478479,0.01148172855367082,0.2253692193467214,0.46871730475049667,0.7314785231694958
3.488488488488489,0.20072856734123734,0.237000596658719,0.49290795438765134,0.7692303631202648
3.498498498498499,0.10753572317055747,0.23783396685023925,0.4946411770129994,0.7719352240534204
3.508508508508509,0.014483099159824993,0.24812841500383656,0.5160513145927215,0.8053478069876207
3.518518518518519,0.059190915926275775,0.23663668438747118,0.4921510986846438,0.7680492168594434
3.528528528528529,0.08874396762351731,0.22971225264034276,0.4777498375237326,0.7455746610045684
3.538538538538539,0.06357840389096928,0.23215376626587872,0.4828276369206071,0.7534990562981321
3.548548548548549,0.053540906228136224,0.24639320681663207,0.5124424717035059,0.7997158598838983
3.558558558558559,0.16720026346673642,0.237388039468472,0.49371374832019804,0.7704878822043362
3.568568568568569,0.26048361547454985,0.21045193274494797,0.4376927025868043,0.6830616417302687
3.578578578578579,0.09648846155813062,0.20481744908529137,0.4259742434189092,0.6647738569203677
3.588588588588589,0.01079158552788678,0.21179937565695942,0.44049508088786027,0.6874350231272066
3.598598598598599,0.0014706593091803472,0.20499577451007148,0.4263451202081784,0.6653526458904845
3.608608608608609,0.0952813692994812,0.2018173789773385,0.4197347721231471,0.6550365606811941
3.618618618618619,0.3077054512462887,0.20962809432450932,0.43597930390220474,0.6803877179670346
3.628628628628629,0.1291224633478052,0.20753922042691098,0.43163491585274505,0.6736078817581164
3.638638638638639,0.04117323982790577,0.19936274948755098,0.4146296946775699,0.647069595363913
3.648648648648649,0.13645205883151854,0.18688916054743576,0.38868743421483265,0.6065841979214979
3.658658658658659,0.057242340914317055,0.16574317027125526,0.3447085288556091,0.5379508779720669
3.668668668668669,0.006253236199976202,0.17347961822236105,0.36079860114896,0.5630609863455901
3.678678678678679,0.12264984656217,0.20314497265208922,0.42249586847355697,0.6593455176159112
3.688688688688689,0.16669557300893514,0.21187267762854642,0.4406475325077166,0.687672938571371
3.698698698698699,0.12588765992531337,0.20503774105265962,0.42643240118110204,0.6654888562597794
3.708708708708709,0.005341885338595442,0.20543726578503463,0.4272633227962312,0.666785589514012
3.718718718718719,0.06769989398520322,0.20412625903208081,0.42453672351379396,0.6625304685782619
3.728728728728729,0.027333305174178524,0.19653432432284212,0.40874720627150574,0.6378894053256553
3.738738738738739,0.06461266151616024,0.19251928331747467,0.40039682371281515,0.6248578286374793
3.748748748748749,0.020965565657495792,0.19780968604281973,0.4113996718996986,0.6420288335498835
3.758758758758759,0.09206931908678465,0.20322463362119095,0.42266154537850176,0.6596040723919435
3.768768768768769,0.08518211685054426,0.18698338765859462,0.38888340542023864,0.6068900298727856
3.778778778778779,0.04611641511369127,0.16791047100684747,0.34921602709478833,0.5449852633505606
3.788788788788789,0.08677574031297056,0.16231437475967905,0.33757740511393214,0.5268220721647424
3.7987987987987992,0.04213847046921044,0.16777180972188632,0.3489276427983497,0.5445352118650997
3.8088088088088092,0.008822743000896553,0.16609883172776613,0.3454482247190577,0.539105244649606
3.8188188188188192,0.06071789079210326,0.15284362081318764,0.3178803662875022,0.4960829449220673
3.8288288288288292,0.059022179675803366,0.13012167283517234,0.2706238232431237,0.4223345555072618
3.8388388388388393,0.03874461547820904,0.12355960161953684,0.25697619051541937,0.4010361094476805
3.8488488488488493,0.02988972326864825,0.12130163206626413,0.2522801215212306,0.3937074412339054
3.8588588588588593,0.07647425726841153,0.10931677123907421,0.22735430564888665,0.3548083035270047
3.8688688688688693,0.18073776515365794,0.10443427752715853,0.2171998164966232,0.3389612446423488
3.8788788788788793,0.1154947535789031,0.10857836974183858,0.22581859655511038,0.35241168149374863
3.8888888888888893,0.05637571509170045,0.10744468669312437,0.22346079070844263,0.3487320982542115
3.8988988988988993,0.09484339184767926,0.09878889956185641,0.20545869962243568,0.3206381002983122
3.9089089089089093,0.06816111779644479,0.0927660067140166,0.19293243667213728,0.3010896598399543
3.9189189189189193,0.025989104048767694,0.10045423793387136,0.20892222900542368,0.32604327167206976
3.9289289289289293,0.003887447882228792,0.11306161342734265,0.23514273541888428,0.36696289873445026
3.9389389389389393,0.002540399318521697,0.11805064756644475,0.24551880470539386,0.3831557547717168
3.9489489489489493,0.005337715771217942,0.11521747780326522,0.2396264486012752,0.37396016523971987
3.9589589589589593,0.004353602089096366,0.12082455281609229,0.25128790394626127,0.39215899009065663
3.9689689689689693,0.018988516934492772,0.1326072273626765,0.27579321781403804,0.43040189389671096
3.9789789789789793,0.012722506092921807,0.145304630910941,0.3022009623397703,0.4716137240769567
3.9889889889889893,0.03775141886752761,0.1426326701535624,0.29664388472185993,0.46294136893263127
3.9989989989989994,0.04447884918995267,0.1408701717158268,0.29297828424741595,0.4572208461475744
4.009009009009009,0.03600818714799204,0.1380071480132292,0.287023838661598,0.44792835999597863
4.019019019019019,0.017792699193687807,0.13838199707920149,0.28780344043862893,0.4491450036972955
4.029029029029029,0.05319324631935244,0.13961828177688804,0.2903746346464432,0.4531576000381008
4.039039039039039,0.05712469202486461,0.14292946289850916,0.2972611469011592,0.46390466604742964
4.049049049049049,0.020936723907624317,0.16502834207259384,0.34322184692270163,0.5356307675479706
4.059059059059059,0.01224172038359043,0.18094919418911326,0.3763336397177313,0.5873049111047046
4.069069069069069,0.013205520803385233,0.18223728717391774,0.37901258351429623,0.5914856610623118
4.079079079079079,0.0013699419233657386,0.17111808259845093,0.35588713801339966,0.5553961748172138
4.089089089089089,0.05195708855676712,0.17366026188422887,0.3611742993501446,0.5636472995936284
4.099099099099099,0.024786391655547056,0.1746915810441084,0.36331921132329476,0.5669946414274947
4.109109109109109,0.024853192241637293,0.16900302856955296,0.35148830117711655,0.5485313660293651
4.119119119119119,0.04422989086147486,0.15693588900131367,0.32639136402275054,0.5093651770713419
4.129129129129129,0.05772098515689682,0.14026572975177173,0.2917211808635057,0.4552590151730949
4.1391391391391394,0.012128660369909129,0.14273292386722408,0.2968523899054646,0.46326676136476586
4.1491491491491495,0.017201361290339282,0.1447798004250811,0.3011094329308464,0.4699102872463906
4.1591591591591595,0.03241633530398341,0.15053847036707954,0.31308617164425795,0.48860114217681955
4.1691691691691695,0.18939943474939885,0.15654065516854723,0.32556936651405133,0.5080823707451868
4.1791791791791795,0.27155113171775264,0.1618529264589532,0.3366176963993842,0.5253243542309782
4.1891891891891895,0.06586001688174561,0.16325882149596763,0.3395416419782066,0.529887453080003
4.1991991991991995,0.08307874178860009,0.1459925805406976,0.3036317428926706,0.47384659501047655
4.2092092092092095,0.013153814763518044,0.13015675509532088,0.27069678645641887,0.4224484216328901
4.2192192192192195,0.02237348093454178,0.13143123960680517,0.27334742768817527,0.4265850027106666
4.2292292292292295,0.058596428686968516,0.15784791351998168,0.32828816996411014,0.5123253255332457
4.2392392392392395,0.1397631787360732,0.17864231801745023,0.37153585595334093,0.5798175071900337
4.2492492492492495,0.3027941192214246,0.18011323270034102,0.3745950277767203,0.5845916396251023
4.2592592592592595,0.20983560778732163,0.19238546405830032,0.4001185097413433,0.6244234928645809
4.2692692692692695,0.10084250267757956,0.19041258637885108,0.39601536774531404,0.6180201443703154
4.2792792792792795,0.08128426547047637,0.18759788372436526,0.39016141907517654,0.6088844933402738
4.2892892892892895,0.10629696942091107,0.18530072472415185,0.38538384484261506,0.6014286283475637
4.2992992992992995,0.029380207125405976,0.18965508775109124,0.3944399409138018,0.615561538979824
4.3093093093093096,0.03501569018351997,0.22915029105631193,0.47658108377908304,0.7437507081561875
4.31931931931932,0.09405446345223316,0.29967344465403284,0.623253387000645,0.9726469717739495
4.32932932932933,0.07537043631883324,0.34577033798998286,0.7191245608212237,1.122263177384563
4.33933933933934,0.09930436828301949,0.36125460433219625,0.7513283533666258,1.172520299050056
4.34934934934935,0.05932012077776726,0.3641229354491059,0.7572938371809065,1.1818300114208937
4.35935935935936,0.06589139051403135,0.3645382387135794,0.7581575745951918,1.1831779568920857
4.36936936936937,0.0771126571640794,0.3639521248945959,0.756938589632173,1.1812756133867837
4.37937937937938,0.09994559667056145,0.3383162367892162,0.7036217062863921,1.0980694789119056
4.38938938938939,0.11238791717479378,0.319930653159564,0.6653838261085422,1.0383955820061481
4.3993993993994,0.11198057785490756,0.33197620011413875,0.690435855481319,1.0774916880433516
4.40940940940941,0.03860738309026419,0.32344527974333226,0.6726934591823203,1.0498029688287112
4.41941941941942,0.12041031087563059,0.3231359996691479,0.6720502261658288,1.0487991417197302
4.42942942942943,0.24081661058074635,0.3266527502048082,0.6793642765819978,1.0602134222307824
4.43943943943944,0.14860172500901742,0.3426902631065666,0.712718697580585,1.112266210480637
4.44944944944945,0.03908313598023608,0.3452531551388503,0.7180489367730563,1.1205845624022168
4.45945945945946,0.12670891374706109,0.32113395780986514,0.667886429232952,1.0423011353513507
4.46946946946947,0.06841189379799989,0.26885607431819986,0.5591601856079248,0.8726233545001895
4.47947947947948,0.0309195313166527,0.2249108605956495,0.46776402160458175,0.7299908329547993
4.48948948948949,0.013282465337406471,0.2267000568845244,0.4714851476067128,0.7357980086766671
4.4994994994995,0.026096972204420317,0.26052415832468606,0.5418316736700138,0.8455805417160203
4.50950950950951,0.282965116282938,0.2907567650114374,0.604708698149542,0.9437061977168374
4.51951951951952,0.7761541851613492,0.30732154361077413,0.6391597132499001,0.9974703267385178
4.52952952952953,0.6211681404457206,0.31485814916197913,0.6548341582835573,1.0219318087203368
4.53953953953954,0.28292347527667994,0.30384542092556976,0.631930159628008,0.986187911617678
4.54954954954955,0.05376745878054535,0.2851728421952693,0.5930953941681205,0.9255825177089689
4.55955955955956,0.03163445915313563,0.27945685412300314,0.5812074241472598,0.9070301948776809
4.56956956956957,0.1104638845282078,0.2958621733460181,0.6153267995973438,0.9602767682658304
4.57957957957958,0.014809830814457373,0.35406649921787625,0.7363787108856624,1.1491899412991124
4.58958958958959,0.11431490278478346,0.396175091229278,0.8239551146715668,1.2858613589245163
4.5995995995996,0.15663248491256246,0.42101963267654346,0.8756261748930108,1.3664990278100362
4.60960960960961,0.043530486660623244,0.41254206158890644,0.857994733108076,1.3389834638069997
4.61961961961962,0.011797421214443438,0.39072184318689956,0.8126135848390159,1.2681618086661506
4.62962962962963,0.020263631548703056,0.3937103967981183,0.8188291044109135,1.277861725932066
4.63963963963964,0.17296720858394818,0.3767537205968153,0.78356303041181,1.22282561895372
4.64964964964965,0.08559867459643668,0.3480616210299536,0.7238899143776175,1.1296999708344377
4.65965965965966,0.1714389741536606,0.3270116951923362,0.6801108014517006,1.0613784462306752
4.66966966966967,0.2920671216624035,0.3027733592095652,0.6297005122985794,0.9827083320946061
4.67967967967968,0.050736975279149284,0.28782224770871495,0.5986055619499189,0.9341816655334589
4.68968968968969,0.1458191169817244,0.28552619204205565,0.5938302824030791,0.9267293816189505
4.6996996996997,0.4354555908686122,0.30065997689525253,0.6253051522527692,0.9758489491733401
4.70970970970971,0.40090420555979167,0.3105925625131828,0.645962697118634,1.0080870386521013
4.71971971971972,0.22641396893174615,0.3077612724693687,0.6400742504081637,0.998897550105631
4.72972972972973,0.13492548371038174,0.269133130703065,0.5597364005957317,0.8735225935170494
4.73973973973974,0.020718727529447353,0.21289743238714662,0.44277879200213044,0.6909989743965145
4.74974974974975,0.008589320668522969,0.1873174130492317,0.3895781031312725,0.6079741725971229
4.75975975975976,0.005102410648740736,,,
4.76976976976977,0.00036814347088785554,,,
4.77977977977978,0.05082670946572811,,,
4.78978978978979,0.1795855463907475,,,
4.7997997997998,0.22649515526879893,,,
4.80980980980981,0.12338379066021676,,,
4.81981981981982,0.025518591486153375,,,
4.82982982982983,0.0981456082083897,,,
4.83983983983984,0.1592700622434469,,,
4.84984984984985,0.11008034874007316,,,
4.85985985985986,0.019489196898109035,,,
4.86986986986987,0.005759282107342198,,,
4.87987987987988,0.0041243363866789035,,,
4.88988988988989,0.0025930416551554693,,,
4.8998998998999,0.038610049797312855,,,
4.90990990990991,0.07010795246799824,,,
4.91991991991992,0.07640341399048954,,,
4.92992992992993,0.050701135356711745,,,
4.93993993993994,0.045089304642033756,,,
4.94994994994995,0.04294809034465977,,,
4.95995995995996,0.04614173571104298,,,
4.96996996996997,0.027861530351003302,,,
4.97997997997998,0.01966096556911194,,,
4.98998998998999,0.020393260804164464,,,
5.0,0.02175325487597883,,,
