x,r1,r2
-2.0,0.8870311666197547,-0.5041292038686113
-1.995995995995996,-1.1874381809931598,0.6576630678583724
-1.991991991991992,-2.129877994962379,0.7817589944613909
-1.987987987987988,0.06710813932077395,-0.5990856820926895
-1.983983983983984,0.13123611160273163,-0.29328043516326624
-1.97997997997998,0.35072117402166003,-1.0371315064371014
-1.975975975975976,1.1571124579820458,2.1104189661185986
-1.971971971971972,-0.11612078633950801,-0.15732521539315178
-1.967967967967968,1.3417646893261723,0.4834641438091744
-1.9639639639639639,0.08947636104275715,-0.7572863448339852
-1.95995995995996,-0.900870454452049,0.08400770453668409
-1.955955955955956,0.8354781447551302,-0.5401746017180988
-1.951951951951952,0.2612364722310891,-0.6637993511932979
-1.947947947947948,0.4288085097452829,-0.6892278076804169
-1.9439439439439439,-0.6674664070696936,0.029203495194105946
-1.93993993993994,0.5616569929463708,2.3230536702187483
-1.935935935935936,1.163707292404765,-0.3488184710153126
-1.931931931931932,0.60175478903668,-0.26029393372472587
-1.927927927927928,-0.5231981285903106,-0.30625640616485955
-1.9239239239239239,-0.21827390511999115,0.48980887310978505
-1.91991991991992,-0.5642721738715191,-1.0724092103818876
-1.915915915915916,-0.22457091968189066,0.36658034910742754
-1.911911911911912,0.30820305925134694,-0.43520483671693344
-1.907907907907908,0.4734470360886372,0.6702341037434856
-1.9039039039039038,0.9793332051696667,0.007137839728508677
-1.8998998998999,0.14868025383960143,1.414542159039222
-1.8958958958958958,-0.6797717619549016,-0.05121434222134635
-1.8918918918918919,0.08397155795107067,-0.4314185463754479
-1.887887887887888,0.9962174076720447,-0.06873974496661624
-1.8838838838838838,0.543838227437339,0.02925379147949307
-1.87987987987988,-0.661353798748899,0.2702175470528334
-1.8758758758758758,-0.32977584100261786,-0.1517360449254024
-1.8718718718718719,0.6433825383913068,-0.173094842643438
-1.867867867867868,0.23619891826953698,0.8078060024196709
-1.8638638638638638,-0.9502340905499824,-1.2571783341115041
-1.85985985985986,0.8598993683140699,0.0013489323122707875
-1.8558558558558558,0.821581937484871,-0.634791961363164
-1.8518518518518519,0.0201067223345833,1.0978595741267803
-1.8478478478478477,1.3634599034278814,-1.2719438946708632
-1.8438438438438438,0.7272716635489607,0.8184444878042524
-1.83983983983984,0.25875493958554063,-0.3884875152500018
-1.8358358358358358,0.4502200804557514,0.6075660903615367
-1.8318318318318318,-1.319587186254357,0.7702655369344436
-1.8278278278278277,0.021335653250451572,0.41330287436571145
-1.8238238238238238,-0.07825601454579659,1.0687014310023863
-1.8198198198198199,-0.0720269750207485,0.6834462311229421
-1.8158158158158157,0.6145289458214253,-0.7434977354149066
-1.8118118118118118,-0.05815992769898902,-1.0162721442247509
-1.8078078078078077,-0.2153302947980515,-0.3551863772434452
-1.8038038038038038,-0.19792819272742138,-1.7235981993347036
-1.7997997997997999,-1.8410341823388503,-0.723522019224984
-1.7957957957957957,-0.38851457272325585,0.41221474853019785
-1.7917917917917918,-0.2637463556205809,-0.024261887693532092
-1.7877877877877877,-0.07858005198885276,0.07393624435678883
-1.7837837837837838,-1.392749341148322,-0.5677357477810349
-1.7797797797797799,0.8380184231224916,0.7893479326603265
-1.7757757757757757,0.08328964854015147,-0.7656641411534197
-1.7717717717717718,0.4733489687859118,-0.3276037672080868
-1.7677677677677677,-0.5701822404316329,0.3657277459693141
-1.7637637637637638,-0.3307368215419514,-0.27946239705568876
-1.7597597597597598,-0.833622268185427,-0.06773978103673657
-1.7557557557557557,-0.6804958546913372,-0.7066816309205336
-1.7517517517517518,-0.5000831935800163,-0.7078585511520548
-1.7477477477477477,-1.4891452109852648,1.001252773944451
-1.7437437437437437,0.4833022912365328,-1.6132256640972507
-1.7397397397397398,-0.5169485345505623,0.13618002050719885
-1.7357357357357357,-0.06389902020908259,-0.35620774348894624
-1.7317317317317318,-0.41348173098351704,-0.5673797989734052
-1.7277277277277276,0.4370782205544209,0.4798713205415272
-1.7237237237237237,0.8293986174228553,0.0022009131882520325
-1.7197197197197198,-2.4894997071733678,-0.4098009403753643
-1.7157157157157157,0.6627711747913675,0.4772824448291221
-1.7117117117117118,-0.09946595804275522,0.4799675798985571
-1.7077077077077076,-1.0767591757353512,-0.4176364132737265
-1.7037037037037037,-0.9630024637124243,-0.24511251771808723
-1.6996996996996998,-0.4619257227324855,-0.12259467074038011
-1.6956956956956957,0.5003701485934618,0.9111556727383325
-1.6916916916916918,0.36470424922104555,0.024676454847760283
-1.6876876876876876,0.489541893624545,-0.4007199086029697
-1.6836836836836837,0.641064092400679,-0.2491563992605893
-1.6796796796796798,0.7204308007041118,-1.3138038221703952
-1.6756756756756757,-0.10504902444993344,-0.5175394075989819
-1.6716716716716717,-0.7548043709622683,0.8171862124938499
-1.6676676676676676,-0.18860891269320237,-1.012084417571431
-1.6636636636636637,1.572389538579447,0.9220221748814896
-1.6596596596596598,0.8805654601989212,0.9724853013042741
-1.6556556556556556,0.8276852383486614,-0.09521419879775858
-1.6516516516516517,0.01087605410530764,0.9333190731066972
-1.6476476476476476,0.8150239487331754,0.2686047161910548
-1.6436436436436437,-1.3489427880895681,-0.5712841105483785
-1.6396396396396398,0.7911105388344422,2.4697747661045626
-1.6356356356356356,-0.12974796410186454,0.13875842905160327
-1.6316316316316315,0.987086410222888,-0.21822450924441572
-1.6276276276276276,0.34600842039039126,-0.11283085828705927
-1.6236236236236237,-2.0501239516050274,-0.29049240889620004
-1.6196196196196198,0.21220170961414708,-1.6370931520361889
-1.6156156156156156,0.6547094103018731,0.84138629856806
-1.6116116116116115,0.5405500017067837,-0.39535625985413664
-1.6076076076076076,0.07258440595915762,-1.2006902270014013
-1.6036036036036037,-0.3306528703333709,-0.24262121387662686
-1.5995995995995997,0.0892921665460695,-0.17498059395169901
-1.5955955955955956,0.5440503770677856,0.7210566674506279
-1.5915915915915915,1.4297164728138299,-0.5359069211272117
-1.5875875875875876,0.5167570695137123,0.08855805353573148
-1.5835835835835836,-0.6417863475079131,-0.7233239111092139
-1.5795795795795795,0.7222906279285743,1.1425984090626713
-1.5755755755755756,-0.291945173530165,1.1423232798882046
-1.5715715715715715,0.943318788906428,-0.04070692197429633
-1.5675675675675675,-0.9108428661852505,0.060886041707508186
-1.5635635635635636,-0.28776090804844995,1.756734698414361
-1.5595595595595595,-0.9627264315208157,1.2338121337401886
-1.5555555555555556,0.5685116802968874,-0.6197591761735874
-1.5515515515515514,-0.9416563351887732,0.5852498205712509
-1.5475475475475475,0.35791557699079163,-0.4704961870367474
-1.5435435435435436,1.5579102962549758,-1.3481810467164745
-1.5395395395395395,-0.13955057598825374,-0.7965753039762727
-1.5355355355355356,-1.6959034704926232,-0.045649035328486104
-1.5315315315315314,1.5037429367376034,-0.025416909788119908
-1.5275275275275275,-1.835629505356838,0.6787414715574527
-1.5235235235235236,-0.8507200843701519,0.6954444255910192
-1.5195195195195195,0.19928799375458078,-1.1300993960190853
-1.5155155155155156,1.5845648417421183,1.7105074107424882
-1.5115115115115114,0.2519138044933367,-0.5301358888440064
-1.5075075075075075,-0.45749235369901275,-0.25143256461201985
-1.5035035035035036,-0.04649543564486262,0.28797007938995073
-1.4994994994994995,-0.5468967111531268,-1.457177785140606
-1.4954954954954955,-1.0635899412481742,-36.04484399202187
-1.4914914914914914,0.7786362468348327,-38.14799838827657
-1.4874874874874875,0.3002772070522343,-6.729153973599336
-1.4834834834834836,-0.24345479889118948,32.14817749956804
-1.4794794794794794,0.11412270124009545,40.32495453254752
-1.4754754754754755,0.2572110494881625,15.751648905738232
-1.4714714714714714,2.116748044936443,-25.29165450780554
-1.4674674674674675,1.356906253852528,-42.46336523248654
-1.4634634634634636,-0.5148688171499375,-27.434174778003328
-1.4594594594594594,-0.012176211484723658,11.449578396011088
-1.4554554554554555,-0.6350097252194643,38.02842205450396
-1.4514514514514514,1.665678791208067,36.23019969065211
-1.4474474474474475,0.9244303360388852,6.9410362472536145
-1.4434434434434436,-2.165093963590701,-28.338246147481133
-1.4394394394394394,-0.43904492063217443,-40.82982521050731
-1.4354354354354353,-0.6856786058217642,-24.770851593937927
-1.4314314314314314,0.13157827674054945,10.202764138156445
-1.4274274274274275,0.14924195528103254,37.436262977283334
-1.4234234234234235,0.02701297307052481,41.294489924231314
-1.4194194194194194,0.8313397469067763,13.658913285763733
-1.4154154154154153,0.6563512667728362,-21.11110480826207
-1.4114114114114114,-0.6178905467435584,-41.82980500779203
-1.4074074074074074,-0.22910375717200143,-36.121634368103365
-1.4034034034034035,-1.0243296504401418,-6.5545412621309165
-1.3993993993993994,0.9537449261218204,26.659382965965257
-1.3953953953953953,1.6697994946531294,41.849726850581504
-1.3913913913913913,-0.1869643402372901,32.71100634001673
-1.3873873873873874,-0.43739821761323167,5.78795218982491
-1.3833833833833835,2.9362281108659247,-25.225536448607752
-1.3793793793793794,1.9097395061169102,-40.96666751572755
-1.3753753753753752,-0.19795367583235543,-34.8164295533771
-1.3713713713713713,-0.13095699837824895,-9.115898704350604
-1.3673673673673674,-0.3436806778966889,21.177309435334877
-1.3633633633633635,-0.27934046139370616,39.161933014768266
-1.3593593593593594,0.6992219288122676,38.91789993999226
-1.3553553553553552,-0.16982336537469991,18.53341006153157
-1.3513513513513513,-0.052561614607311895,-11.687772731871386
-1.3473473473473474,0.25353483517316233,-35.587339455144196
-1.3433433433433435,-1.5098689928237856,-42.86040183559305
-1.3393393393393394,-0.16634943846168365,-28.969641094282917
-1.3353353353353352,0.9652984947238737,-2.615330765708697
-1.3313313313313313,-0.6875610938992808,22.505103653124785
-1.3273273273273274,0.640935085206568,40.71013560943234
-1.3233233233233235,-0.19154517936911336,39.952557502726805
-1.3193193193193193,0.6677153928900105,24.67884702811212
-1.3153153153153152,0.5242269263935889,-1.1229429968958342
-1.3113113113113113,-1.8088105507909138,-25.211017479505347
-1.3073073073073074,1.3914224233628014,-40.728095279750434
-1.3033033033033035,1.2289443394607096,-39.69001762274509
-1.2992992992992993,-0.7845659629255854,-26.88369637329468
-1.2952952952952952,0.9549391250184831,-1.1824925869239216
-1.2912912912912913,1.3039623544352095,22.14317796793388
-1.2872872872872874,1.3587616277730956,38.728718734778326
-1.2832832832832834,0.7534704396642519,41.63001735765458
-1.2792792792792793,1.135529439218722,31.368101343993246
-1.2752752752752752,-1.2786660489041402,11.81192596971818
-1.2712712712712713,0.5426902373642608,-10.491117159986882
-1.2672672672672673,0.6279649088840477,-30.313133038670443
-1.2632632632632632,0.3839221345672376,-40.93070212165397
-1.2592592592592593,-0.46790505272836946,-41.523549962050424
-1.2552552552552552,-0.655137325778986,-29.85931530358939
-1.2512512512512513,-1.0740987941309377,-9.664992859627267
-1.2472472472472473,-0.0909683699759582,10.591162767511817
-1.2432432432432432,-0.24987772188397112,27.18506070272722
-1.2392392392392393,-0.7146030088532387,41.09732089086975
-1.2352352352352352,-0.9912396634836024,43.53253460128913
-1.2312312312312312,-0.08994217562974205,36.07403889183081
-1.2272272272272273,-0.5993979994118326,21.204412637035272
-1.2232232232232232,0.12471487670075525,2.3326771860223032
-1.2192192192192193,0.29500694372879016,-15.659426546111765
-1.2152152152152151,1.9100121432072272,-31.8648305761251
-1.2112112112112112,0.04007136070385187,-40.13440498395935
-1.2072072072072073,0.47921573018365843,-43.10937878589287
-1.2032032032032032,-0.8987876178962855,-36.61678872271338
-1.1991991991991993,-0.8229256578784931,-26.52337984572005
-1.1951951951951951,-0.1871740348904191,-10.077232402087692
-1.1911911911911912,-0.9632464900836839,5.854466359187429
-1.1871871871871873,-0.4671042179470403,21.454023854199114
-1.1831831831831832,1.0351412362538575,33.30239845697881
-1.179179179179179,-0.9137939865946596,39.92828112759963
-1.1751751751751751,0.7388712107571518,41.14691202501145
-1.1711711711711712,0.4545573391874474,39.71910986552293
-1.1671671671671673,0.7642562735657291,31.14031420095352
-1.1631631631631631,-1.8558408352692741,21.482498165891624
-1.159159159159159,-0.012126248489464643,7.394804732671937
-1.155155155155155,-0.15612387479904674,-5.124904684867858
-1.1511511511511512,2.117477178142161,-17.54707920408537
-1.1471471471471473,-1.5933158972301487,-28.653920446760846
-1.1431431431431431,0.13535475996495924,-36.556539041804704
-1.139139139139139,0.32576455297523743,-41.572415679915736
-1.135135135135135,-0.529301198299701,-42.72851941372676
-1.1311311311311312,-0.09363391957697731,-41.30017229689823
-1.1271271271271273,-0.09564432077887615,-37.261498311952344
-1.1231231231231231,0.25740698314860616,-29.294004279751583
-1.119119119119119,-0.7266022003037331,-22.238753999540624
-1.115115115115115,0.5066312288703338,-12.008820509599103
-1.1111111111111112,-0.8792758858550451,-3.476306566734942
-1.1071071071071072,0.8674390924763529,7.604209668862928
-1.103103103103103,0.12823429984715676,16.21995910807358
-1.099099099099099,0.09282740332054132,22.85122602728696
-1.095095095095095,-0.7663457924845691,28.307972703533007
-1.0910910910910911,-0.5067039770696448,35.283634482718085
-1.0870870870870872,-0.8153283182868842,38.02011448494334
-1.083083083083083,-0.30840026249980074,40.92629445202296
-1.079079079079079,0.04589237190570868,42.284050382504425
-1.075075075075075,-0.37440654527891915,42.450811599931434
-1.0710710710710711,-0.39863375089649306,43.25924775147332
-1.0670670670670672,0.9716173272642342,40.799362321495906
-1.063063063063063,-0.20124101823853702,36.86297281280434
-1.059059059059059,0.5958278264368962,33.96256166211097
-1.055055055055055,-1.1194561965868663,31.396535295341902
-1.0510510510510511,-0.7545856930953085,29.204938866804344
-1.0470470470470472,-0.06752994216549113,25.00708905809702
-1.043043043043043,-0.04305152077991809,23.67992618180407
-1.039039039039039,1.2935638838485317,20.337385120392874
-1.035035035035035,-1.8919503110990812,17.301938994822372
-1.031031031031031,-0.4553784784037066,13.814800133266312
-1.0270270270270272,-0.5789564915765247,10.898765026680737
-1.023023023023023,0.6544812382518886,10.112507612591127
-1.019019019019019,0.5430851350661463,8.392992359009007
-1.015015015015015,0.7721304885499131,6.5480538456676145
-1.011011011011011,-0.3063434359775981,5.006039820409946
-1.007007007007007,-0.2257590488142743,4.919590096007261
-1.003003003003003,-0.3951264381830174,4.413247419095515
-0.9989989989989989,-1.4496127612826593,3.6520185364967794
-0.994994994994995,-0.5107620179576657,5.3650160365932
-0.9909909909909911,0.20576597178592437,5.798059487315488
-0.986986986986987,0.6109715461551823,6.612152677615922
-0.982982982982983,0.3754112874630771,7.179698268002685
-0.9789789789789789,1.3568294361760789,8.726875984740422
-0.974974974974975,0.1648341612172988,12.219815527153662
-0.9709709709709711,-0.8285529896213804,13.13098810246366
-0.9669669669669669,0.525639696719938,15.692242579393449
-0.962962962962963,-0.38443532643071826,19.057701088515714
-0.9589589589589589,-1.3080000071881817,23.243524317554552
-0.954954954954955,0.45965880920452423,25.157954058238214
-0.9509509509509511,-1.4330196772741615,26.97814366913224
-0.9469469469469469,0.11796217830416679,31.33202746903978
-0.942942942942943,0.931826313110588,32.547304430783015
-0.9389389389389389,1.3109553159680674,36.903019161932875
-0.934934934934935,0.7055923340221923,39.080391470523445
-0.930930930930931,-0.10746300813029185,39.58654130290994
-0.9269269269269269,0.7248251613607748,44.01894176078627
-0.922922922922923,0.5998012933142229,42.76039922353797
-0.9189189189189189,0.6634839477542717,42.19791039919587
-0.914914914914915,-0.18164757716858018,40.98819227509967
-0.910910910910911,1.2351026140874601,36.39235887685417
-0.9069069069069069,0.9068477802906207,33.7399230304131
-0.902902902902903,-0.04667915668644898,26.67698914300924
-0.8988988988988988,-1.2515716422666696,19.797539689287525
-0.8948948948948949,-0.8124618616490255,10.79664046608479
-0.8908908908908908,0.7534445885744441,1.034611207844414
-0.8868868868868869,0.3890662511592195,-8.016973272145977
-0.882882882882883,-0.8184621665813802,-17.657463104440158
-0.8788788788788788,-1.024333680226672,-25.225067210351476
-0.8748748748748749,-0.5216862115088451,-33.94583607903062
-0.8708708708708708,-0.44607907945022623,-39.584164152575994
-0.8668668668668669,-0.01698648390849849,-41.611785463314554
-0.862862862862863,-0.03924970842647676,-42.807217636793276
-0.8588588588588588,1.0140163731844927,-37.49892383705621
-0.8548548548548549,0.5730298809759624,-32.900791349646866
-0.8508508508508508,-1.5100535917265436,-23.4341270555041
-0.8468468468468469,-0.6544727007244562,-11.38123831075344
-0.8428428428428429,-0.05346738169033325,0.5708774167068168
-0.8388388388388388,-0.5148199312034302,14.625392302326766
-0.8348348348348349,0.6157509953315927,26.921070463612516
-0.8308308308308308,-0.17550043570625973,36.74248087622392
-0.8268268268268268,0.614158702995222,42.67075503503275
-0.8228228228228229,1.0326614867409338,43.519331931566434
-0.8188188188188188,-1.4134928105002644,36.19617998144017
-0.8148148148148149,-0.045990151235775996,27.388780702156403
-0.8108108108108107,-0.0014815266080764526,12.587238816109574
-0.8068068068068068,-0.2237289780480902,-3.214693675446225
-0.8028028028028029,0.47185000534359867,-18.321179755088128
-0.7987987987987988,1.158971894489849,-31.058663546783432
-0.7947947947947949,-1.6288105586553894,-42.05436190769887
-0.7907907907907907,0.37778037874947373,-43.22413525780401
-0.7867867867867868,-0.4630725579775757,-37.50784724368875
-0.7827827827827827,0.6587986792092786,-25.562280877007158
-0.7787787787787788,1.1986471168647248,-6.412053805060921
-0.7747747747747749,0.6249015707684346,11.621279490997326
-0.7707707707707707,-0.9140227476131411,29.57259601959678
-0.7667667667667668,-0.16314846169913488,40.34047262656071
-0.7627627627627627,1.3792488291287448,42.76251429133082
-0.7587587587587588,0.3345466234071999,35.51583520294337
-0.7547547547547548,-0.015758784637867788,18.72188038454538
-0.7507507507507507,-0.05407892993055037,0.714613095498121
-0.7467467467467468,0.5595604031892035,-23.09824086059598
-0.7427427427427427,-0.5489588312384088,-36.71697111078442
-0.7387387387387387,-1.1966663774909059,-43.70305659373068
-0.7347347347347348,-1.8778290798259425,-36.37870807079098
-0.7307307307307307,1.8769791535897622,-20.894534852352397
-0.7267267267267268,-1.3896799906204684,0.5309101788058134
-0.7227227227227226,-0.044051366139287895,23.534426016701666
-0.7187187187187187,-1.0571721297744783,37.56687622914339
-0.7147147147147148,-0.40458634044153574,42.516736384980724
-0.7107107107107107,-0.15659720647607447,30.693769849960088
-0.7067067067067068,0.8885193365267611,11.418307374711372
-0.7027027027027026,1.1898037829042656,-14.02879775540226
-0.6986986986986987,0.2711811253924362,-34.17939138444458
-0.6946946946946948,1.4457853222724457,-42.86014241863813
-0.6906906906906907,1.0752387496920308,-36.1638920210902
-0.6866866866866868,-2.0987261588012975,-14.78001193329011
-0.6826826826826826,0.13460806160485755,12.488991684122913
-0.6786786786786787,-1.7318022165881848,33.85916362850071
-0.6746746746746748,0.21428980479657397,43.469034516797855
-0.6706706706706707,0.16572527560442285,34.41997131192737
-0.6666666666666667,-0.46286187380056804,9.678218333217114
-0.6626626626626626,0.1843241889188939,-17.567530998870883
-0.6586586586586587,0.11022973971915687,-37.05866228677023
-0.6546546546546548,0.5551191855969065,-41.19858853592268
-0.6506506506506506,1.575866606761846,-23.899785741119647
-0.6466466466466467,-0.2636554360133929,3.3709334479091875
-0.6426426426426426,0.7831364617640298,30.906295417956127
-0.6386386386386387,-0.16628645842180562,42.45241416435498
-0.6346346346346345,0.2198212753861172,32.52504533065297
-0.6306306306306306,-0.43256228640671557,6.473692263386167
-0.6266266266266267,-0.4418220337675857,-23.818399377975307
-0.6226226226226226,-0.6923026822204312,-42.20884897515008
-0.6186186186186187,0.04393403780395113,-35.95035699838665
-0.6146146146146145,-1.6491642033637963,-12.162827136926241
-0.6106106106106106,0.4440179502665126,21.026339287413126
-0.6066066066066067,0.534477491248076,40.573866541683756
-0.6026026026026026,1.5329299740300208,37.86462998739846
-0.5985985985985987,0.3914534837640572,11.172582613306755
-0.5945945945945945,-0.07694899134581619,-24.49853595809738
-0.5905905905905906,-1.3250364551372775,-40.41075386444832
-0.5865865865865867,-1.804847717487246,-33.63368183058468
-0.5825825825825826,-0.9029592759714118,-4.487851081117102
-0.5785785785785786,-1.1196986626494259,28.377451479600307
-0.5745745745745745,-0.061708250053807444,44.04564213802476
-0.5705705705705706,0.3960387693029771,25.67507685524721
-0.5665665665665667,-0.031381436080100474,-6.778508193415595
-0.5625625625625625,-0.023889804297329946,-36.72538232391617
-0.5585585585585586,-2.388725672467581,-40.372346883603576
-0.5545545545545545,-1.0434406967319219,-12.939644206244568
-0.5505505505505506,0.20044787967143132,23.617320151668828
-0.5465465465465467,0.0199310472202885,44.353433044654736
-0.5425425425425425,1.3900919370555271,26.40725896444381
-0.5385385385385386,0.29003955282496685,-8.565035966595927
-0.5345345345345345,-0.314628054345476,-39.31163206776064
-0.5305305305305306,-0.3615283015673449,-37.91929701568489
-0.5265265265265264,-0.567067470201186,-4.412235904418351
-0.5225225225225225,0.8269688583860669,32.96247410034499
-0.5185185185185186,0.9909825402824052,41.278815869861916
-0.5145145145145145,-1.023105737982553,15.011157478094843
-0.5105105105105106,-0.3689445179330622,-24.85796935243946
-0.5065065065065064,-0.6460490195328237,-44.128136614343575
-0.5025025025025025,0.39536454143756816,-20.9179574953784
-0.4984984984984986,-0.37876707045111707,1.4048692608942401
-0.49449449449449445,1.081351735085367,-0.9161876443687056
-0.49049049049049054,-0.49298916466805,-0.6983593404548631
-0.4864864864864864,-1.1258992239476897,-0.28215853230013627
-0.4824824824824825,-0.26761765702293716,0.23788046280301567
-0.4784784784784786,0.5676175860983889,0.0952835395356164
-0.47447447447447444,-1.696185802226756,-0.8717783704106573
-0.4704704704704705,-0.42440395713693096,0.6085736006647773
-0.4664664664664664,-1.3434414021169694,-1.240207095931989
-0.4624624624624625,0.21945207643700348,-0.5815203467575099
-0.45845845845845856,-0.20487020201653172,0.09537955918524739
-0.4544544544544544,0.24474191005910553,-0.5377441942191538
-0.4504504504504505,-2.344512252187883,-0.028618935525302352
-0.4464464464464464,0.30166858918597217,-0.36805984280997145
-0.44244244244244246,0.5955826354730824,0.6945486193557845
-0.43843843843843855,0.33655883986418095,-1.3183771082637878
-0.4344344344344344,-0.235433983843918,0.7170492138841577
-0.4304304304304305,1.0289931839604065,0.5460828885685689
-0.42642642642642636,0.19745882501625833,-0.22245107586759974
-0.42242242242242245,-0.23304252220418203,0.011020967366120005
-0.41841841841841854,0.5561213471039633,0.9550762683130135
-0.4144144144144144,0.3159712534546083,0.48285684296005094
-0.4104104104104105,-0.2206138585836018,-1.2433760453980025
-0.40640640640640635,0.28574034284502287,-0.40812532848057287
-0.40240240240240244,0.6269458385725561,1.957350464634713
-0.3983983983983985,1.0995349301166004,0.6656022098011952
-0.3943943943943944,-0.6577595714937592,-1.0153410632033302
-0.3903903903903905,-0.9228046673996871,1.5117434810793737
-0.38638638638638634,-0.5603802124622613,0.6450478564142811
-0.3823823823823824,-0.9832387960220987,-1.0018838832038632
-0.3783783783783783,0.9015197760847795,0.8054340445122665
-0.3743743743743744,1.070905790871577,-0.07465431004725714
-0.37037037037037046,1.4685677643723305,0.4326092468308463
-0.3663663663663663,0.8497988919727218,0.3282243601943152
-0.3623623623623624,0.506109125555923,-1.7781751835634654
-0.3583583583583583,-0.37834600509003374,0.6862138342519911
-0.35435435435435436,0.9764800050759805,0.7681700477028527
-0.35035035035035045,0.4963220114555404,0.8651012288105455
-0.3463463463463463,0.2572883599457294,-1.077438002482387
-0.3423423423423424,-0.5870784155795802,-0.08658223774963608
-0.33833833833833826,-0.7886417150366173,-0.9996076680996877
-0.33433433433433435,-0.4084537718550555,-0.987060818438015
-0.33033033033033044,-0.263021685217274,-0.5434064291518141
-0.3263263263263263,0.7136314492256626,-1.1435550837169088
-0.3223223223223224,0.3250569777591887,0.03011437990223623
-0.31831831831831825,-0.7043797874684803,1.1244201006113568
-0.31431431431431434,0.22566202922070044,-0.43323157204714596
-0.3103103103103104,-0.4296142332698512,-0.6039671864970754
-0.3063063063063063,-0.8221660291667553,-0.22708013090648307
-0.3023023023023024,-1.382262469379247,-1.005885465168101
-0.29829829829829824,-0.19131900497633528,0.18151873305510466
-0.2942942942942943,-0.507757637872818,-1.1020179255198266
-0.2902902902902904,0.10920706915773443,-0.7218493274403752
-0.2862862862862863,-0.33913951684453353,0.7388437890612501
-0.28228228228228236,-1.4518911147992979,0.5788879429841296
-0.2782782782782782,-0.2140344385679841,-0.20209523317378292
-0.2742742742742743,-0.3337562835780131,-0.6837979646075654
-0.2702702702702702,-0.900265819935133,-0.6105951764288313
-0.26626626626626626,1.0045761736695238,0.6990929353732626
-0.26226226226226235,1.5774948811957499,-0.09911569542433005
-0.2582582582582582,0.8067305994591681,0.8878574191321896
-0.2542542542542543,1.3464117174316395,-0.07539309662153491
-0.25025025025025016,-0.1940094600431031,0.39583362992438353
-0.24624624624624625,0.07681997043739157,-0.7317017614638048
-0.24224224224224233,1.1049328055334042,-0.9119169177457144
-0.2382382382382382,0.8446789316549,0.014979795433325368
-0.23423423423423428,-0.7243394310410204,-1.452080239830251
-0.23023023023023015,-0.9402903615379596,0.01148933075389299
-0.22622622622622623,0.09696950695877349,0.5008543905448478
-0.22222222222222232,0.2789658700416502,1.5613537229094872
-0.21821821821821819,-0.14153073781678663,-1.1411039607366156
-0.21421421421421427,1.235060069270053,-0.6414057551355768
-0.21021021021021014,0.4968128717060176,1.4215269779000128
-0.20620620620620622,0.8070878994789284,0.3931794078159308
-0.2022022022022023,-0.12705098822990496,1.239120745813527
-0.19819819819819817,-1.3377056435504382,0.6189835092896211
-0.19419419419419426,0.5471587651519869,0.3668644034255203
-0.19019019019019012,1.23064045839839,-0.8913711877143451
-0.1861861861861862,0.5674444623570913,0.5847066260387402
-0.1821821821821823,-0.010283509116056518,0.6735000853820909
-0.17817817817817816,-0.8188093452469885,-0.29306589528518856
-0.17417417417417425,-0.23798051044083607,-1.3510195931759397
-0.1701701701701701,0.49832811456002496,0.10401380183410931
-0.1661661661661662,1.0636716625058713,0.2765090473405537
-0.16216216216216228,-0.05989502217970486,0.41759026987124415
-0.15815815815815815,0.06917230244127305,0.06355571070788257
-0.15415415415415423,-0.033288885716606216,0.20965590641680756
-0.1501501501501501,-0.45430055067477815,-0.3164049759035017
-0.14614614614614618,-0.65204704568733,1.9253395527622696
-0.14214214214214227,-0.3414874954735104,0.6005515422867047
-0.13813813813813813,-0.02572497260976794,0.8916871538025335
-0.13413413413413422,1.2096759171163765,-0.5681468926418466
-0.13013013013013008,0.1454312843257226,-0.8742623353170917
-0.12612612612612617,0.11052685807720218,-0.9912500558990937
-0.12212212212212203,-1.1087310206857617,0.37307702588842623
-0.11811811811811812,0.7698075387631015,0.3184056011077022
-0.1141141141141142,0.47478340978582323,-0.48009136162684196
-0.11011011011011007,-0.28617745420600144,-0.5278870100875749
-0.10610610610610616,-0.06856577188208213,-0.861031301949232
-0.10210210210210202,-0.112582334711101,0.11933350857486083
-0.09809809809809811,-0.2561358232067024,0.27155413645360643
-0.0940940940940942,-1.7980152355380727,-0.6014699589130922
-0.09009009009009006,-1.3578637797923736,-0.013334683492587197
-0.08608608608608614,2.245968602043377,1.5227279152437165
-0.08208208208208201,-1.4580972339267546,0.6491957636978156
-0.0780780780780781,1.3825526728639188,-1.7087589167129036
-0.07407407407407418,-0.40209440115308653,-0.4780658858917353
-0.07007007007007005,-0.6619261364565793,-0.7851258634690487
-0.06606606606606613,1.3264125542443141,-1.3360216068257633
-0.062062062062061996,0.8634992934531992,-0.3792883164908927
-0.05805805805805808,0.32942711787864426,0.20654612132488864
-0.05405405405405417,-1.9580591765537687,-0.2982415250412062
-0.05005005005005003,0.6079362613448293,-0.6790421891095665
-0.04604604604604612,0.1038512289915589,1.4310877472914587
-0.04204204204204198,1.0235555355100983,1.2610539515576846
-0.03803803803803807,-0.35998767960428263,0.33115519297997625
-0.034034034034034155,-0.00403812140957329,0.6830490048577635
-0.03003003003003002,1.8596915304646169,-0.14628012822906802
-0.026026026026026106,0.09316646722960853,-0.8668068720051714
-0.02202202202202197,0.43541182261555567,-0.7214858077088133
-0.018018018018018056,-1.3234094702194132,-1.479366421112304
-0.01401401401401392,-1.156323580339295,1.1562600386505915
-0.010010010010010006,0.510180594126338,0.6620998443520215
-0.006006006006006093,0.4564602166229709,-0.9786212280405481
-0.002002002002001957,0.692630900096917,0.3920727828194881
0.002002002002002179,1.8009387501778757,0.8751965493904412
0.006006006006006093,1.1706036470997632,-1.8257155819748654
0.010010010010010006,0.2969785948443931,-0.42078281165496534
0.01401401401401392,-0.0161476514880719,0.1379877477764381
0.018018018018017834,0.29702407248026225,0.07079628580831221
0.022022022022022192,-0.4742561572034268,1.207809169972701
0.026026026026026106,0.6497744708608496,0.27463054391141695
0.03003003003003002,-0.25539941419771967,-0.6203859185478677
0.03403403403403393,0.6781954295152247,0.8313703605777965
0.03803803803803785,0.19411979231347404,-0.35686131392394316
0.042042042042042205,-0.421033213167206,0.6526924443134153
0.04604604604604612,0.7815825653228885,-1.4046473864656481
0.05005005005005003,-0.3473388912024723,0.5699792287571456
0.054054054054053946,0.8807094366850179,0.06570804951300588
0.05805805805805786,1.0363409137971178,0.1608434030925002
0.06206206206206222,-1.535764660598753,0.6750251106321653
0.06606606606606613,0.42446997473649184,1.5760804540864948
0.07007007007007005,0.2398483876417687,0.09698510972676548
0.07407407407407396,-0.5999144880580829,-0.9590398743901352
0.07807807807807787,0.43920620220135265,-0.4317123024915149
0.08208208208208223,0.07014123401485142,0.1697776387436651
0.08608608608608614,-0.06468329443908014,0.5877541566146782
0.09009009009009006,0.13482029645772667,0.47803945674347614
0.09409409409409397,1.4401495361963184,-0.7072398346688592
0.09809809809809789,0.24528228069380828,-1.1076463922384723
0.10210210210210224,0.08256685206100577,-0.24876139510816206
0.10610610610610616,1.4118082953967928,0.18653322416108073
0.11011011011011007,1.1503674191057287,-0.5301581976019479
0.11411411411411398,-0.09949263167080684,-0.5944602215637729
0.1181181181181179,-1.524185225503973,-0.030859413712826918
0.12212212212212226,-0.9735324709584415,1.1051108441236264
0.12612612612612617,0.5272180852479575,0.9145121234631556
0.13013013013013008,1.2872246398680156,0.2976900818733739
0.134134134134134,-0.06298482434811851,-0.9654361135569317
0.1381381381381379,-0.809239407322173,-0.5936046356105558
0.14214214214214227,-0.27234652107855883,-0.7609135171037288
0.14614614614614618,-0.49014406503949925,-0.66546906033189
0.1501501501501501,-0.03599243323572838,-0.1818323394904922
0.154154154154154,-0.05224160890497883,-0.8484971329642724
0.15815815815815792,-0.8031497195506783,1.076592118564255
0.16216216216216228,-0.29603898643194737,-0.13533836578602831
0.1661661661661662,-0.039634128725274845,0.18830676298969293
0.1701701701701701,-1.1789412496242917,-0.5040013054697629
0.17417417417417402,0.4777337240377963,-0.6226219843810096
0.17817817817817794,-1.4565705531852997,0.49588496113095265
0.1821821821821823,0.627122788994765,-1.2186094242361711
0.1861861861861862,0.09869035877150867,-1.5865694985244492
0.19019019019019012,0.42079537500731273,-0.6009375963892588
0.19419419419419404,0.1149963116054612,-0.8622072561723658
0.1981981981981984,0.09118427290633978,0.6307166496789935
0.2022022022022023,0.3121474723980758,-0.8739225952764562
0.20620620620620622,-0.09812879624862193,0.07477321614721501
0.21021021021021014,-0.6771373890844847,0.4789382293648123
0.21421421421421405,1.4120251168006512,-1.561396863221394
0.2182182182182184,0.4899326601341793,0.41504478521870525
0.22222222222222232,-0.3496911717640258,1.2381659588541807
0.22622622622622623,-0.0028534596536892763,-0.22903795492036302
0.23023023023023015,0.7564217942695046,0.23881693301836227
0.23423423423423406,0.8843541997918835,-0.3238701953597148
0.23823823823823842,0.5179877570193134,0.04082856091944414
0.24224224224224233,-0.5986282246297793,-0.5102180597716575
0.24624624624624625,0.5005218379524696,-0.7642266682788456
0.25025025025025016,-0.5849380890367186,-0.3535261793626797
0.2542542542542541,0.6559488326250728,0.12132577272030295
0.25825825825825843,-1.4177624902623605,0.25751057909649255
0.26226226226226235,0.1127652933403397,0.4544237558447539
0.26626626626626626,-0.07268644916119481,0.7088609530454695
0.2702702702702702,0.36142185500989155,-0.3081756044923933
0.2742742742742741,1.6215154903999176,-0.7886149200579555
0.27827827827827845,-0.11226549361769199,1.3421749029705023
0.28228228228228236,0.8523598081377732,0.11584197662063699
0.2862862862862863,-0.7850486351744901,0.7881870938351582
0.2902902902902902,-0.5454574946936555,-0.4996686302363781
0.2942942942942941,0.05478646527824922,0.3482398629442854
0.29829829829829846,-0.21132306429153278,-0.08901365662290311
0.3023023023023024,0.607215950394659,0.09870945598137174
0.3063063063063063,0.5666808283862015,-0.5565458890032408
0.3103103103103102,-0.06671591137589626,-0.7146708843803613
0.3143143143143141,-0.7678241635443113,0.5137359977572526
0.31831831831831847,-0.02169326115664602,-0.030274657107504144
0.3223223223223224,-0.9572380935209107,-1.0867032012588536
0.3263263263263263,0.1403625767664235,-0.34293352643006486
0.3303303303303302,0.6289518282734237,0.8218273536343047
0.3343343343343341,1.3649962401982594,1.1280846099495194
0.3383383383383385,-1.7529629474489052,2.381799451405883
0.3423423423423424,-0.24570159490154037,-0.5906392614242754
0.3463463463463463,-1.6451656963793957,2.106152133308337
0.3503503503503502,0.6244016411022802,-0.03547272656407126
0.35435435435435414,1.6236847029987862,0.2771978680488295
0.3583583583583585,0.10973794622755437,-1.3206183608332798
0.3623623623623624,-0.32239116331618517,-0.12447820828832618
0.3663663663663663,-0.5687230282829047,0.2715269126371039
0.37037037037037024,-1.8746264520608502,-0.6336756886229535
0.37437437437437415,-0.05119927735944293,0.28968238320552975
0.3783783783783785,0.5020675113523374,1.013865855658905
0.3823823823823824,1.0475929168987768,2.225385220534486
0.38638638638638634,-0.10608681437393257,0.21062536415848318
0.39039039039039025,-0.6918427488706369,3.138351616998911
0.39439439439439417,1.0470371402444336,1.1858101033159705
0.3983983983983985,0.9379397399273213,0.27378292585996833
0.40240240240240244,0.04581494917425917,0.12446439428835268
0.40640640640640635,-0.8308639740743495,0.09796980586178632
0.41041041041041026,0.4995533562225474,-1.1381961807054342
0.4144144144144142,-0.25389794936713217,0.7049193690489267
0.41841841841841854,0.11330707388531233,-0.371915653863527
0.42242242242242245,-1.7153247685139958,-0.4160233886348928
0.42642642642642636,-0.6422792234681687,-0.42379859668145725
0.4304304304304303,-1.247256807156484,1.0905888142202438
0.43443443443443464,0.09034290795522569,-0.732523602603621
0.43843843843843855,-0.3030913442962846,-0.22327251397647857
0.44244244244244246,1.2134065507607998,0.8248756135903877
0.4464464464464464,-0.243290302470267,0.33889844127587715
0.4504504504504503,-0.5681869447669182,-0.9012570679468402
0.45445445445445465,-0.16293355373021892,0.18734150940259336
0.45845845845845856,1.546794187841607,-0.3844363695536298
0.4624624624624625,2.082797453575895,-0.31077585278834197
0.4664664664664664,1.134039235555539,-0.26347786409334983
0.4704704704704703,-1.4527182462361958,1.0564281008295826
0.47447447447447466,-0.3886055550183734,-0.5226207378608089
0.4784784784784786,-0.18580974799702285,0.21452299302997455
0.4824824824824825,0.49823049030846345,-0.44411533006320003
0.4864864864864864,-0.19223497215803848,0.41449207780933783
0.4904904904904903,0.33965342028855056,-0.30171079277576196
0.4944944944944947,-0.6935402455314827,0.5901645215417123
0.4984984984984986,-0.8918910916664721,-0.8618273780243151
0.5025025025025025,42.95917633063391,0.3628820592524079
0.5065065065065064,14.532088058500007,2.4019353341357124
0.5105105105105103,-25.685338853996743,-1.09684559129626
0.5145145145145147,-42.6226327688898,1.8301817222176815
0.5185185185185186,-20.885433017015767,-0.47677457475263324
0.5225225225225225,18.03622986748674,-1.0155361735290789
0.5265265265265264,40.89544425534561,1.2210752459209633
0.5305305305305303,30.941870853421438,-0.791420118021617
0.5345345345345347,-6.196972523409261,0.3211494618911208
0.5385385385385386,-36.72205348698321,-0.22584659782549854
0.5425425425425425,-40.54032677229453,-0.727815862064478
0.5465465465465464,-8.99482294437762,-0.46074548373013735
0.5505505505505504,27.354677990918976,-0.6387295084056034
0.5545545545545547,43.056542988394185,-0.03586768653795745
0.5585585585585586,25.87892353918884,-0.708683608278761
0.5625625625625625,-8.850944257621885,-0.6937503728129658
0.5665665665665665,-36.483103341783234,0.624143397295836
0.5705705705705704,-40.78255944061534,-1.0479031258989964
0.5745745745745747,-12.229409416737058,-2.0721088464320894
0.5785785785785786,20.249621193001776,0.23041063501044146
0.5825825825825826,40.94513253113941,-1.5213773437741418
0.5865865865865865,34.32511387405802,0.8428665142848005
0.5905905905905904,5.942708329736857,-0.5857689268804293
0.5945945945945947,-28.487420568972645,-0.7312054557491733
0.5985985985985987,-43.237672071785425,-0.29879354978929995
0.6026026026026026,-31.10139992221984,0.959717205382162
0.6066066066066065,-0.9577386702194843,0.7816377054002576
0.6106106106106104,28.704508618868527,-1.10128199382317
0.6146146146146148,41.921133151801136,0.5310547484796405
0.6186186186186187,31.8880906094889,-0.9553031804794888
0.6226226226226226,2.482117009641941,-0.15250695666638536
0.6266266266266265,-27.920580344264124,-0.9096948772664537
0.6306306306306304,-41.901031989113186,0.8284769634025587
0.6346346346346348,-35.2700634108279,0.4707295716267607
0.6386386386386387,-10.41169169129325,0.6458741936493645
0.6426426426426426,20.359695367335092,-0.14649412604254441
0.6466466466466465,39.517814652387806,0.08314695889222366
0.6506506506506504,40.38613387696337,1.048582179139037
0.6546546546546548,21.92157604296732,-0.6700529053785449
0.6586586586586587,-5.938136347915446,0.39912705068515425
0.6626626626626626,-31.111911914979938,1.2105724838926568
0.6666666666666665,-41.254422640989254,0.15759185172482715
0.6706706706706704,-34.30364488834368,-0.06332079154103673
0.6746746746746748,-12.53556202188216,-0.29243401617522746
0.6786786786786787,14.921406091850738,0.08036451729650469
0.6826826826826826,35.4419074648751,-0.8744302027083581
0.6866866866866865,41.046141114954196,0.756299701793172
0.6906906906906904,34.01352415893125,0.8483375275590943
0.6946946946946948,12.38218345424252,0.47526982044955857
0.6986986986986987,-14.413448005990722,0.10337126231820458
0.7027027027027026,-35.67466917169887,-1.1891960666765766
0.7067067067067065,-43.790763711282786,-1.693931917055349
0.7107107107107109,-36.4714435532825,1.0234606778049358
0.7147147147147148,-17.30391133619153,-0.33617392865636064
0.7187187187187187,4.590396981728163,-0.7734417252259062
0.7227227227227226,29.38256440230583,-1.5750468428433961
0.7267267267267266,40.78961810096885,-0.5075496078757052
0.7307307307307309,41.957644715657594,0.17458626346857167
0.7347347347347348,30.4177565856884,-0.610274493971357
0.7387387387387387,11.864277761300825,-1.4352200760228684
0.7427427427427427,-10.832378869408284,-1.6915556288265587
0.7467467467467466,-27.57931616891812,-0.7767678457437104
0.7507507507507509,-42.32786036495076,0.5446504601653614
0.7547547547547548,-41.838378279512696,-0.6724432677382505
0.7587587587587588,-34.31891211283659,-0.2719943950466331
0.7627627627627627,-17.39846689359125,-0.23565279350033347
0.7667667667667666,1.5107096989874638,0.1427073315889251
0.7707707707707709,21.10554501944549,-0.9570404787830888
0.7747747747747749,35.00535146239845,-0.082810664257534
0.7787787787787788,41.34380034921141,-0.7156140327175649
0.7827827827827827,41.933931885743235,0.38218906020904625
0.7867867867867866,30.71558163871583,0.8590503324913352
0.790790790790791,17.118980578703365,2.1729692602045705
0.7947947947947949,0.49726798858412463,-0.9904284042526524
0.7987987987987988,-17.620165104785247,0.7633719003164491
0.8028028028028027,-32.70642616099286,-0.2487973312460124
0.8068068068068066,-39.7856834059381,-0.025464784444054842
0.810810810810811,-44.039748123242816,-0.40076880527372816
0.8148148148148149,-39.49423913131258,-0.3106542403781428
0.8188188188188188,-28.987778066938787,-1.7518359206635477
0.8228228228228227,-16.961935041714916,0.19689330385975004
0.8268268268268266,-2.516897179693552,-0.5569391169751513
0.830830830830831,12.39414911136555,0.7761262114366811
0.8348348348348349,22.84865279267246,-0.1640286781130498
0.8388388388388388,33.26013310147532,-0.13657221562876745
0.8428428428428427,41.95048458999476,-0.5517308504467869
0.8468468468468466,42.368110259012084,0.5823978285011651
0.850850850850851,41.110099522095624,-0.2310625622920737
0.8548548548548549,36.35717120252553,0.7859788417453287
0.8588588588588588,28.022657174116993,-1.1522630579052038
0.8628628628628627,16.195368708884793,-0.6212808484735688
0.8668668668668666,6.208906134359974,0.35173229671893647
0.870870870870871,-5.468608855420611,0.9513998087666172
0.8748748748748749,-16.441790893952348,-0.34157188765561763
0.8788788788788788,-26.68723110016391,-0.05351619375222684
0.8828828828828827,-32.67625779937452,0.7890151937840247
0.8868868868868867,-38.384494631574405,0.8428315248071286
0.890890890890891,-39.34259038232343,0.5132483908162577
0.8948948948948949,-43.20112079589731,0.4894534194780916
0.8988988988988988,-41.88867300704268,1.218804652944704
0.9029029029029028,-39.84301553783521,-1.1599633427909803
0.9069069069069067,-35.63616403159393,0.8727317478987916
0.910910910910911,-32.053358835740696,0.11088725838969521
0.914914914914915,-26.34120870270697,-0.6243806657294342
0.9189189189189189,-19.09335841456616,0.7371342441879245
0.9229229229229228,-14.443931975736529,-0.6494149341824133
0.9269269269269267,-8.03191898391757,-0.06852415773103745
0.930930930930931,-0.7587746341157252,-0.9500581129130262
0.934934934934935,5.239558244873858,1.462732424303956
0.9389389389389389,9.216887921460678,-0.5203223617423476
0.9429429429429428,15.476106395759846,-0.5223308064454454
0.9469469469469471,18.44849507530444,0.05828012235226304
0.9509509509509511,23.45482911094937,0.8594971509058494
0.954954954954955,26.464367584628896,-1.7451909236444672
0.9589589589589589,29.820089263517737,0.9637484537085191
0.9629629629629628,30.285091472798456,0.4143844638261161
0.9669669669669672,33.561728727366784,0.12106854284559262
0.9709709709709711,36.61654899908657,1.2834227242096898
0.974974974974975,36.551574656328455,0.6850849884609123
0.9789789789789789,37.763690905415665,0.04350188344716332
0.9829829829829828,37.19447989499977,-0.11088510096354419
0.9869869869869872,39.243069437526266,0.4323799578583568
0.9909909909909911,38.61014396038044,-0.16961812371049176
0.994994994994995,38.815175600217565,0.07063593126527214
0.9989989989989989,39.29552444015317,0.3022241792079132
1.0030030030030028,39.14025825719935,0.12458908155888564
1.0070070070070072,38.79595294186597,-0.06027549518677515
1.011011011011011,39.7657771307858,1.0809138229761421
1.015015015015015,39.71116143866153,1.1473097748669807
1.019019019019019,36.97301550748785,-0.8831363213649651
1.0230230230230228,36.02029256204412,-0.15970040368695498
1.0270270270270272,35.52832239541119,-0.08596292362969528
1.031031031031031,34.13835593063407,-0.2921875752125402
1.035035035035035,31.815125619717072,1.2450964705103011
1.039039039039039,30.711173269967684,0.5831270142621235
1.0430430430430429,26.81916540126543,0.34661704139140925
1.0470470470470472,25.975604819524523,1.0373295154867543
1.0510510510510511,21.73588930943799,0.9529232020529209
1.055055055055055,17.464879034908726,-1.1847526256088194
1.059059059059059,11.660019528528615,-0.3751786698509484
1.0630630630630629,6.866866716200723,-0.5810196812165987
1.0670670670670672,1.2631423286717687,-0.9306886810262548
1.0710710710710711,-3.251331898921691,0.5887385074395596
1.075075075075075,-10.795182682969335,1.310698464462311
1.079079079079079,-16.9940826325805,0.7828721995435693
1.0830830830830829,-23.71757241440417,0.6626852297510795
1.0870870870870872,-30.574175010862774,0.40382648620435685
1.0910910910910911,-34.3734239214066,2.1424850618409255
1.095095095095095,-38.54523128613265,0.6562959077077368
1.099099099099099,-41.781067256831115,-0.3449066082391708
1.1031031031031029,-42.425270455823,-1.1206438604416866
1.1071071071071072,-43.16571104117858,-0.35755292824568674
1.1111111111111112,-39.97719726505003,1.3070983526910496
1.115115115115115,-33.97754150152693,1.5947728562945782
1.119119119119119,-29.527590353189392,0.9553391822366826
1.123123123123123,-20.25364747853319,-0.5251658308442173
1.1271271271271273,-12.159188829318508,-0.19058332340809414
1.1311311311311312,0.9789052487655654,-0.34414254676197137
1.135135135135135,10.925533417266395,1.5015439524127
1.139139139139139,22.28507443078716,1.018726997203684
1.143143143143143,31.180772871175925,0.2725197305226331
1.1471471471471473,38.13799589096751,0.3264191993168703
1.1511511511511512,42.19589980709774,0.8051355200847864
1.155155155155155,42.63367855126833,-0.09190777632999546
1.159159159159159,38.37635519595723,-0.013091612449291799
1.163163163163163,29.996906198571175,0.8056716147883888
1.1671671671671673,17.68899912234291,-0.031059567949738538
1.1711711711711712,3.4114430938152878,-0.3903560169086424
1.1751751751751751,-13.343402288364125,0.024210003983271017
1.179179179179179,-25.051001644410285,0.16549409899120437
1.183183183183183,-34.72935373256178,-1.6191588962563739
1.1871871871871873,-42.68893515238366,-0.1380887851731068
1.1911911911911912,-43.39808411375724,-1.500454836600559
1.1951951951951951,-36.15960489575228,-0.4560011610520812
1.199199199199199,-26.700928218701435,0.4372896061420675
1.203203203203203,-8.893883193047296,-0.08176795592060451
1.2072072072072073,8.334373856923932,0.1225651951929433
1.2112112112112112,26.59921845552643,0.05693788966391133
1.2152152152152151,36.53527661367555,-0.9012405057915808
1.219219219219219,44.37211561812985,0.15594772066967538
1.2232232232232234,39.62500184569505,0.11492913498924566
1.2272272272272273,29.07288687563827,-0.2682160214437197
1.2312312312312312,12.006557524750253,0.9029358804373228
1.2352352352352352,-7.757657232451114,-0.838702176249137
1.239239239239239,-25.435444434727145,-0.9696420565787677
1.2432432432432434,-38.377153582988136,-0.599469599633367
1.2472472472472473,-42.26597974773617,0.4050624299362166
1.2512512512512513,-36.95616454087986,0.47180465181627707
1.2552552552552552,-20.95972932936665,-0.04116845893060906
1.259259259259259,0.8194093534604483,-0.16262305203502045
1.2632632632632634,21.156953944265297,0.560529966333522
1.2672672672672673,35.3758377577667,1.2904308911836284
1.2712712712712713,42.507521505344634,-0.15527916346057397
1.2752752752752752,35.01199692727643,-0.2791852525113496
1.279279279279279,17.084096083661766,-1.6467273485345226
1.2832832832832834,-8.026648985273843,1.7072771486291118
1.2872872872872874,-27.77686469922758,0.34440187082529566
1.2912912912912913,-42.16607684277925,1.455615899337357
1.2952952952952952,-40.84320815630151,-1.8644907577259422
1.299299299299299,-26.13364079970324,-0.5545279752695577
1.3033033033033035,-0.27308007057286926,0.31665252461135446
1.3073073073073074,22.931065930278674,0.5052868617971534
1.3113113113113113,40.37070245824257,-1.1719574960709191
1.3153153153153152,42.388871307690934,-1.4326712495451492
1.3193193193193191,26.468430065327723,-0.043251957504187984
1.3233233233233235,1.5680193235433868,1.5783154049184982
1.3273273273273274,-23.45082406725965,-1.2461876359066628
1.3313313313313313,-41.06342695318794,0.3308253224245171
1.3353353353353352,-39.27178656853994,-0.058418947537125135
1.3393393393393391,-20.155291927616066,0.6372934518204207
1.3433433433433435,7.270136597086342,-0.19030770414343817
1.3473473473473474,33.42879999842434,-0.4056657065864351
1.3513513513513513,42.01647334656295,1.131958834003886
1.3553553553553552,33.120020380011944,1.5961691181032243
1.3593593593593591,4.84048759281838,-0.5555422013123973
1.3633633633633635,-25.625490930341684,-0.13065737899843322
1.3673673673673674,-39.60504793677134,0.5166682258256918
1.3713713713713713,-37.771436657657155,-0.5106176830249308
1.3753753753753752,-13.989068716724447,-0.06898517995175871
1.3793793793793792,17.081636241912985,0.36818643303715026
1.3833833833833835,41.52779156776582,-0.4656321370389549
1.3873873873873874,38.83676773058205,1.2501727673260958
1.3913913913913913,16.44555105422873,1.526668752061605
1.3953953953953953,-17.072101977493187,0.12066421694131864
1.3993993993993992,-39.853531169177415,-0.30339314506504284
1.4034034034034035,-37.79220403168678,-0.26943307724012855
1.4074074074074074,-11.687856226290512,-0.3361248715902635
1.4114114114114114,21.91403916340093,-0.466796173851648
1.4154154154154153,40.75991277207066,0.25662931373826386
1.4194194194194192,33.009099320090684,-0.8855226106442955
1.4234234234234235,5.072788314002246,0.5564502158068532
1.4274274274274275,-28.695812039514696,0.37308468141416307
1.4314314314314314,-43.33854033072965,0.03891617992792812
1.4354354354354353,-24.33773006294907,0.042100840000844846
1.4394394394394392,9.700856068996078,0.5024231699496301
1.4434434434434436,40.31590466530177,-0.24577926095068772
1.4474474474474475,37.90388201464967,1.494262196122774
1.4514514514514514,8.62725705754739,0.4714337325047381
1.4554554554554553,-26.865815441662615,0.9674872826949463
1.4594594594594597,-43.35301613880132,-0.8973699799967348
1.4634634634634636,-23.70629176374897,0.7136865983241888
1.4674674674674675,14.388051904031956,0.8135188244400833
1.4714714714714714,39.911555014748004,-0.4910859566454008
1.4754754754754753,35.18927894812092,1.9422559341323826
1.4794794794794797,-2.2986147309648004,-1.0032028595639446
1.4834834834834836,-37.662189310706594,0.582923504669816
1.4874874874874875,-39.93493216582238,-0.036404324306038835
1.4914914914914914,-7.231526823478463,-0.14291571665835714
1.4954954954954953,31.620440823994365,0.338108997651368
1.4994994994994997,41.17647564465117,-0.560752448958168
1.5035035035035036,-0.13176242766086432,-0.2328420658637949
1.5075075075075075,-0.031897430115910466,-0.617085469300536
1.5115115115115114,0.4878806539554934,1.4787797543576073
1.5155155155155153,0.26495781350052233,1.5930614621445998
1.5195195195195197,0.4265238870740879,-0.36454905451320757
1.5235235235235236,1.2170351205628969,-0.9211532103037233
1.5275275275275275,0.6491193623816759,2.169667214102588
1.5315315315315314,-0.5872015348040858,0.9923554636457321
1.5355355355355353,1.897773483719458,0.845082139816443
1.5395395395395397,-0.8386571313491189,0.3224788180786642
1.5435435435435436,0.8982002695837901,0.7573689828875038
1.5475475475475475,0.8752099823247164,0.7347140543012688
1.5515515515515514,0.35453629671897513,-0.7256707157697668
1.5555555555555554,-0.11428206692903449,0.7911291480621093
1.5595595595595597,1.9609914719128634,-0.43158423550573377
1.5635635635635636,-0.4676000704065943,-0.05404361512818717
1.5675675675675675,2.2790760785590995,0.394837131304418
1.5715715715715715,0.09639106755653638,-0.5170453811728072
1.5755755755755754,-0.6050074971071294,0.6349602264692874
1.5795795795795797,2.324982400543722,0.012707868325671206
1.5835835835835836,0.5942283797197767,-0.6434061324467231
1.5875875875875876,0.8762995744857424,-1.7938234019462915
1.5915915915915915,-0.3431382437473765,0.8035555667050501
1.5955955955955954,-0.7079184850928517,2.0878676797161257
1.5995995995995997,-2.347324023492348,0.4379775449621884
1.6036036036036037,-1.0729541369351234,1.4397493602515268
1.6076076076076076,-1.2809079150544007,-0.9095196688162086
1.6116116116116115,0.8286840938377342,-0.3453824213141207
1.6156156156156154,0.5725687050072035,0.8411447219879953
1.6196196196196198,0.7301858855764145,-0.18099594486960768
1.6236236236236237,-0.04066555140165689,0.11194372572588068
1.6276276276276276,-1.8035679997548466,0.5755924656585362
1.6316316316316315,0.16666056118605868,0.09811732245628124
1.6356356356356354,-1.1733124111047597,-0.4609407669546365
1.6396396396396398,0.23452172094840115,-0.38932528239690845
1.6436436436436437,-0.9532021699284551,-0.06665801495639433
1.6476476476476476,-0.10361676298405757,-0.4423774369466407
1.6516516516516515,-0.8037057353989634,-1.645852498605078
1.6556556556556554,-0.7598081763299466,0.1816090443370145
1.6596596596596598,0.6962276241243517,-0.09428761751586454
1.6636636636636637,-0.12238534736925025,-0.2938302382133041
1.6676676676676676,-0.9147385788662294,1.1777461745568356
1.6716716716716715,0.16580529198566024,-1.0907575257147828
1.6756756756756754,0.25623095588716543,-0.5925355030104384
1.6796796796796798,0.2954878471000129,-0.2430111636128703
1.6836836836836837,0.09280143258751379,0.013539578672934392
1.6876876876876876,0.7777835890973919,0.3877351756541335
1.6916916916916915,0.05438228245215925,2.1008710194416
1.6956956956956954,-0.2277439473402523,-1.4011049773168658
1.6996996996996998,0.2959475151757389,0.6371185431032235
1.7037037037037037,0.6679094903256009,-0.8976433176100761
1.7077077077077076,-0.17790130556617584,0.1437609448916932
1.7117117117117115,0.502652615987008,1.382076462284824
1.7157157157157155,-0.18991297954180383,-0.40415636662742915
1.7197197197197198,0.4679156655364427,0.46912000516655716
1.7237237237237237,-1.717571920198876,-0.05774397763211586
1.7277277277277276,0.3914319426698661,0.2561769518849539
1.7317317317317316,0.27571577574098555,0.8348220221614171
1.735735735735736,-0.23414226409618788,0.1897522513012279
1.7397397397397398,-1.3011306050841291,-0.5777313103817263
1.7437437437437437,0.8120188709211,-0.7137497391866316
1.7477477477477477,-0.7395339765884746,0.07230846879453533
1.7517517517517516,0.7648658938409164,2.0147046305941028
1.755755755755756,0.4934586038790215,0.16563655275593941
1.7597597597597598,0.02197105841486129,0.04081760570432047
1.7637637637637638,0.0897893992837532,-0.40009454171606057
1.7677677677677677,-0.6363949304198967,0.11693021794086812
1.7717717717717716,-1.2251780853449101,-1.0303470064884315
1.775775775775776,0.5025421038370864,-0.38873931429643926
1.7797797797797799,-1.5618699913982494,0.669802576737828
1.7837837837837838,-1.3939698976092867,1.2113166995172016
1.7877877877877877,-0.012175210016619586,-0.3373671935716278
1.7917917917917916,0.4884557615158522,0.3280083573735683
1.795795795795796,1.061916616706578,1.2706018313396812
1.7997997997997999,2.1724435440964593,-1.4388847755324952
1.8038038038038038,-0.10449456299260218,-0.11210532839353168
1.8078078078078077,1.0061870452446797,-0.12081285166718385
1.8118118118118116,0.28764121780677304,0.4454907938945294
1.815815815815816,1.0691127825337787,1.0287497853322014
1.8198198198198199,0.7778057254684078,0.6887444300159851
1.8238238238238238,0.37100598944465496,0.07703074509389987
1.8278278278278277,0.07298168730689604,0.5433146757043791
1.8318318318318316,-0.4704551412863543,-0.03125226384812593
1.835835835835836,-0.7201851802989758,1.118924891684009
1.83983983983984,-0.6289768869330352,0.09518129147473124
1.8438438438438438,-0.44983238091718664,0.33211702864650383
1.8478478478478477,-1.7603862411597546,-0.5573659911891228
1.8518518518518516,0.43756605800609855,-0.6909425934247599
1.855855855855856,0.6988815942336283,-1.1523657935596956
1.85985985985986,0.34705093068326565,-0.6524736233172975
1.8638638638638638,0.02771529775817567,0.5713987718290342
1.8678678678678677,-1.6839884163001957,-1.0695838903952108
1.8718718718718717,-1.1439180135877254,-0.09135577260911487
1.875875875875876,0.5275524431657419,1.1410854622092472
1.87987987987988,1.4139564906572302,0.6365192541330359
1.8838838838838838,0.4437842002504036,0.08278328444359861
1.8878878878878878,0.1664541115079722,-1.2074979991741717
1.8918918918918917,-0.03732999081533702,1.0199715095183788
1.895895895895896,-0.041755517014698464,-0.7056853918291621
1.8998998998999,0.9735562874121734,-0.0018704019560281037
1.9039039039039038,1.3232521869596328,1.2967676413436977
1.9079079079079078,0.24358925754739788,0.28850628592673444
1.9119119119119117,0.6104150649257933,-0.649034158193501
1.915915915915916,0.8633586323517642,-0.28707173003112896
1.91991991991992,0.659193610598285,0.5745796612941042
1.9239239239239239,-0.4625125760425835,0.03485816517035221
1.9279279279279278,-1.2416991096318304,0.9525911687071632
1.9319319319319317,-0.9160101117845719,-0.996885618082594
1.935935935935936,-1.4766726844464415,-0.33015519070978433
1.93993993993994,-1.5851670693663018,-0.015676890683236272
1.9439439439439439,-0.03648445797113935,-0.2689547969462614
1.9479479479479478,0.150074036388617,0.49929098873600464
1.9519519519519517,-2.673820028277089,0.6247297457722827
1.955955955955956,-0.9542729298999191,0.8243601288037109
1.95995995995996,0.409367466997704,-1.021009969870175
1.9639639639639639,-0.6764982864504187,0.28491701280919074
1.9679679679679678,-0.9573201609405875,-1.401056354446512
1.9719719719719722,0.5175002588629287,2.2457717520035456
1.975975975975976,-0.712258962510616,-1.2063284120442919
1.97997997997998,0.5094301296144984,0.5519598416186617
1.983983983983984,-0.5282603825825501,0.5250881502772542
1.9879879879879878,1.251883919311083,0.572392805673728
1.9919919919919922,-0.9185073626017902,-0.7250037013543347
1.995995995995996,-0.16615224383463184,0.12352376108349661
2.0,-0.42403999682859667,1.6970263034125748
