x,U1,U2
0,-0.0013061021854047466,0.00012697337619342643
1,-0.0004236838352370945,0.00044501088079489695
2,-0.00018077978837018082,0.0010026027144833566
3,0.002331600845180659,0.001192056106293964
4,-0.0007195357952668429,-0.0003823962838501895
5,-0.0017601857120989241,0.0017931501099962643
6,-0.00011199928989953509,-0.0004999200466369555
7,0.0006478260980344699,-0.0005002988382635221
8,0.00010593467017867372,0.000846926493075705
9,-2.702969605675968e-05,-0.0007044806395467778
10,-0.0011473513166902947,-0.00018357178056759184
11,0.001530147625338636,-0.00014891577431454153
12,0.0002666810032170707,-0.00012823458967601995
13,0.0005382645498683907,-0.0010489945929420055
14,0.0010889058410336965,-0.00038299978398999876
15,0.0005366189029527553,-0.0006724969827653444
16,0.0016195109842176718,-0.0007331619821121586
17,0.0006092373976848662,-0.0007479524477567744
18,0.00103026046645443,8.851079911793299e-05
19,-0.00046240582574264726,0.000294635402809391
20,-0.00028007874932461604,-0.0006541921480085534
21,0.0001016430287990528,-0.0015939457274156156
22,-0.00014462377166276505,0.0008878453647180475
23,-0.0016970014523200751,0.0015348091183352583
24,-0.0008367733879574436,0.0016393786140781687
25,0.0009759352629496142,-0.0008806997675793255
26,-0.00046532393378856667,-0.0011595856748265773
27,-0.0011371706771814143,0.0005059143779800098
28,9.504382220386047e-05,-0.0001256374947404625
29,0.0017494473445883495,0.001270704790325601
30,0.0006940342454795067,0.00041684636465332307
31,0.0003925993588335881,0.0006318382936842762
32,-0.0006906401353346726,-0.0003450515285192168
33,-0.000697173684206952,0.0017032022518620655
34,0.0005913560160935164,-0.0004678689269382721
35,-0.000984845483370353,-0.001170873450775007
36,-0.00026302253069202056,-0.0011408842176362578
37,0.0010160447361070835,0.0024472669213865903
38,-0.0014279539219874046,-0.0007683288831807244
39,0.0008804134913750619,0.0009413140052625284
40,0.0007588979016803992,-0.000429807345642266
41,4.9151811306485126e-05,0.0002408574967161726
42,-0.0005740740465509326,-0.0006795512802341284
43,0.0010029973167352676,-0.000545622154850481
44,-0.0015628454641825745,0.00043605821509469956
45,-0.0014076154169523133,-8.817200738604517e-05
46,-0.00029028127630587334,0.0014537495568546438
47,-0.0012231355857040963,0.0007248365344447121
48,-0.0013613005631478504,-0.0008221198350859346
49,-0.0011082333012791203,0.0004969799119920205
50,-0.0002403089867800069,-0.0003670132330685305
51,-0.0015769501683810846,-0.00014077942940316095
52,-0.00010796695138759764,0.0008317464757723174
53,-4.774767552822662e-05,-0.00024160999552261044
54,0.001388131464405087,0.00168627757522365
55,0.00017343597365566417,-0.001254929883244629
56,-0.0010087816378513412,0.0006209116018398222
57,0.0003279224811000403,0.0007378590579200367
58,0.0007269957882513222,-0.002439582297094557
59,-0.0015691599937458552,0.00028111668982320185
60,-0.001063304217340195,-0.00021395597423150539
61,0.0005434173792388494,-0.0007668549998365456
62,-0.000604484990155671,-0.00031600548294339297
63,0.0005445100933676717,0.0007548395770346606
64,-7.69140570311674e-05,0.0006251324844024755
65,0.0014631498069645886,-5.310048371439329e-05
66,-0.0002647101982352276,0.0003083691929047951
67,0.00042302114691362427,-0.00027629742801033984
68,0.0002278837648208659,-0.000379978192506892
69,-0.0005935896552313827,0.0015225466300635394
70,-0.0019157472424355055,0.00035896667887352907
71,0.00025416945079412783,-0.0001660436375913227
72,-0.0005283109399579853,0.000208746869792965
73,0.0009811091481749135,0.0006873475533749825
74,-0.0001698204278753455,-0.00041462173095328244
75,-0.0005773820492643214,0.0011141117693684872
76,-0.00025097460404979196,0.000508322656085635
77,0.001789972619100409,-0.0007497592588208918
78,-0.00025691985268145483,0.0010307588103493073
79,-0.0007848820643219819,0.001305442713258834
80,0.002376607543882674,0.00021516309019524254
81,-0.0007556108979443458,-0.0011261719456499518
82,-0.0004426351660379846,-0.0002080787318861676
83,0.0011121533935736089,-0.002521693976967424
84,0.00022558262580430524,0.0006444203632437784
85,-0.0008973848973208325,-0.0006913147295663092
86,0.0005032112680492596,0.00038419397521603045
87,-0.000584974257953309,9.320787186210387e-05
88,-0.0009822545576878246,-0.0012393165512749164
89,0.0010657883599451768,-0.0005089056287539402
90,0.000770073322540957,0.00034119853242111915
91,0.0010526816562934453,-0.0009714830333610329
92,0.0006522300915225715,0.00033417700006968423
93,0.0004160226082108272,-0.0004891638650805215
94,-9.753402670652902e-05,-0.0009538244437823596
95,-0.0006174305635186909,-0.0014022564288876662
96,0.0019922477561640094,-0.0012242494187526148
97,0.0012925944636216933,-0.00121447006556297
98,0.0001311211642459194,0.0008222480683710722
99,-0.0013125154482611706,0.0003641592246066668
100,-0.0009001589226708997,-0.00015105919780665625
101,0.00048818090339008773,-7.802035462601477e-05
102,0.0006900478159026182,-0.0015833952441979416
103,-0.00012133938511247984,0.0008475434275989877
104,-0.0005075126431184491,0.0015509321980903376
105,0.0019866768462774563,-4.4604602045614366e-05
106,0.0011769628184108056,-0.0013254880395547459
107,0.0008340521998162047,-2.544298273522073e-05
108,0.0012522869918534455,0.0011209418308690449
109,-0.0008011182805182227,0.00010260789708565819
110,-0.00022284434080810874,0.001382908841120443
111,-0.0002430648269012192,-0.0002656794879048321
112,-0.000643731022009536,0.0008786740743023286
113,0.0008371285777275942,-0.00030600907576992244
114,-0.0014690393351252892,-0.00010482664151228287
115,0.0001306374231200195,0.0006871296719043241
116,0.0019818907313782497,0.0011245903021738606
117,-0.000312696096423947,0.003127528488403593
118,-0.0007004405112679481,-0.00031462491226050255
119,-0.0014522914434758158,0.0003054779429825486
120,-5.0295915174321314e-05,0.0006928584507666877
121,0.0006668457236065122,-0.00041513064771605456
122,0.00020325998735316284,0.000491165444561865
123,-0.0016332805615460364,-0.00039618931837517667
124,0.0014927616033238173,-0.00042514088721163756
125,-0.033770257827112245,0.032347033880238615
126,-0.0010967044151151677,0.04747784690362759
127,0.03137790546502145,0.020337959481348214
128,0.03742001597261447,-0.026031554854698505
129,0.00905579488888262,-0.049064371144401785
130,-0.02676392154070144,-0.029685086276719293
131,-0.03881086515475363,0.016715834658785497
132,-0.019186275043615784,0.047499602726561625
133,0.016542770440495905,0.039831062131619674
134,0.03842525300359413,0.0002798902600576665
135,0.027907322882096724,-0.04048742496905039
136,-0.0030867943927588475,-0.04568140569924612
137,-0.03437962893718077,-0.015782529030617026
138,-0.03699116659233685,0.025005107495278286
139,-0.013480296639488113,0.04981603601047284
140,0.018654521799865657,0.03565830562247305
141,0.040409450115279,-0.005287223615755035
142,0.03049216456090655,-0.03917014994189315
143,-0.0009816838981598437,-0.04824732065463979
144,-0.030525340699724086,-0.022226191761283837
145,-0.03920823259545203,0.018066841942213186
146,-0.02069823663218498,0.04530675916282886
147,0.010176513822364815,0.04405977302128874
148,0.037156700371347114,0.013136305986688704
149,0.03833361060015908,-0.025138491100908423
150,0.017613672924565275,-0.04844320514155122
151,-0.014389691772989386,-0.04214518806178025
152,-0.035949319164006385,-0.008545065023653342
153,-0.03586735602403978,0.026656112807407636
154,-0.01609129854277569,0.04938857495502072
155,0.014809145587122355,0.04185989448466543
156,0.036579653624254325,0.010224103766059542
157,0.03702931980776418,-0.026176548138493475
158,0.019701639451131122,-0.04623093643285645
159,-0.008866668803213058,-0.04538710541016065
160,-0.03087514923635011,-0.021521866066950106
161,-0.03998274524912957,0.014399919637758413
162,-0.02774282364733432,0.04148174659664238
163,-0.0033132197209499235,0.04741171694732024
164,0.022837161750927,0.03308109396464974
165,0.03977618174871069,0.0019390946506377337
166,0.03419768252185698,-0.028110815042325047
167,0.01938656267608182,-0.047069026667614124
168,-0.00636992462757868,-0.04399889787344742
169,-0.029834235097002094,-0.023650126317439086
170,-0.038748451796315475,0.00695646190249019
171,-0.03420413288468464,0.03260678261133527
172,-0.01444489473016891,0.04881381805175534
173,0.011327693208401735,0.043807325128945564
174,0.028928585082717388,0.024501684547905203
175,0.040456384033345755,-0.0041311829708785015
176,0.03516856285466436,-0.030633837024245603
177,0.021495898818890784,-0.04716865952953867
178,-0.0038630344660318104,-0.04753147246837131
179,-0.02375602357849026,-0.03165136279647236
180,-0.036376298581770904,-0.006671317804243819
181,-0.03765073842433985,0.018805841221831463
182,-0.028840655867181944,0.04044813441008648
183,-0.010710543774425284,0.04821460684264029
184,0.011084465844749118,0.04386376573548473
185,0.028454753314675927,0.02645859194797081
186,0.038716837780160836,0.002673827266752783
187,0.038514555422321926,-0.0216018846089192
188,0.0288567732319323,-0.039756772108373
189,0.013561997651325108,-0.04843512217389174
190,-0.0060344808140300465,-0.04585104861199495
191,-0.023675673630517896,-0.033173271657427714
192,-0.03604733955673066,-0.01191917087810419
193,-0.04099222206906596,0.010498232759275293
194,-0.03665589343984822,0.02865353456206069
195,-0.024888534179858073,0.044663515143767735
196,-0.010426830704892585,0.04912796644268376
197,0.00678464186176328,0.04530726494611024
198,0.02013248853181034,0.03285743581076813
199,0.03418085451424482,0.0174580474458835
200,0.03961169632617772,-0.0026468017547162702
201,0.03875142575907994,-0.02261032975767297
202,0.030946802069167785,-0.037977132338496256
203,0.020728992986586887,-0.045555345119739486
204,0.0089452412933357,-0.049140216020066504
205,-0.00818329468969189,-0.04602050036522942
206,-0.02012105486772426,-0.03524281705833687
207,-0.029695134780072113,-0.02190574655250013
208,-0.035697457624017784,-0.006024550813163338
209,-0.03933058871416577,0.008998676328347418
210,-0.037736983709849826,0.0249626836542686
211,-0.032654714787607605,0.03670964066025536
212,-0.02351998941766033,0.04577751454815391
213,-0.01376292446966308,0.04894292011239507
214,-0.002361552985126044,0.04975009566790302
215,0.008601414729218854,0.0427397484378791
216,0.01860128033653046,0.037907052575333645
217,0.029747841460467328,0.026817195929517458
218,0.034725543587787136,0.01571681614583628
219,0.04058646847885523,0.0032626391847198084
220,0.04110132980291593,-0.007961055907489448
221,0.04014861852897387,-0.01974274572298197
222,0.036350049813959506,-0.027906462824218957
223,0.03198393465902963,-0.03812526379109543
224,0.027424469736695614,-0.04369969037697729
225,0.019241065584217513,-0.04721086334862881
226,0.012836574805177903,-0.048088623869424196
227,0.0031593914449824264,-0.049173319975501874
228,-0.0025137098652082677,-0.045577411693760526
229,-0.008997361580659275,-0.044104745027800915
230,-0.01686022033170013,-0.04063601997280612
231,-0.019861329036432375,-0.03538443067317686
232,-0.026356600401661635,-0.029702245366567608
233,-0.03000342979739866,-0.022466569230542646
234,-0.03346303792083391,-0.01823726815158395
235,-0.036174942354455224,-0.012186544847473517
236,-0.03689708060272518,-0.007396460326446537
237,-0.03870368066244404,-0.002128779606092849
238,-0.040098489908803436,0.004238311016745494
239,-0.03903111664062373,0.007223953132315076
240,-0.04087902547860963,0.010788263572609652
241,-0.04059875371714034,0.015172896631944993
242,-0.040201827047252114,0.01755173312041035
243,-0.03872685499122913,0.01979495870557585
244,-0.03893615318487971,0.021791128177955036
245,-0.0377103973771086,0.02328667337962535
246,-0.03690938484056482,0.02548395511896719
247,-0.03753916138623518,0.02733962765530401
248,-0.03512012414403493,0.026263900959664795
249,-0.03595590619989993,0.028005896161697647
250,-0.036623118405285704,0.02826142308513068
251,-0.038452743545749304,0.027361995062132615
252,-0.03614238403680969,0.02732318089941065
253,-0.038234518692284315,0.027916995845680557
254,-0.036309986994948674,0.02572155288455816
255,-0.03816818805166438,0.023426772261755918
256,-0.03954660063970507,0.02212056080958775
257,-0.03806525528125814,0.01778344241708301
258,-0.04057449010314186,0.01622911719881607
259,-0.03957525743330869,0.011571352356777035
260,-0.040724207967290246,0.008599532044958039
261,-0.03932167115340278,0.005795907762962702
262,-0.04186306871463629,-0.0007560006070733742
263,-0.038801073346785044,-0.003536174820933741
264,-0.036385711466419245,-0.01049335407156302
265,-0.03502191017296984,-0.015330977578677256
266,-0.03128891046752147,-0.02261531859162125
267,-0.028272543385177512,-0.02728625943695562
268,-0.02166758909210132,-0.03450280705142164
269,-0.017808547564588696,-0.03758574721571143
270,-0.012469533198059018,-0.04332516505057508
271,-0.00515210261890174,-0.04524303901724522
272,0.0018531907887600252,-0.046418051783261964
273,0.00736238279948336,-0.04920903222153107
274,0.015148702743112847,-0.04804246141424996
275,0.02142479187306111,-0.046139268570809105
276,0.0263774338746048,-0.03931069977021001
277,0.03379493391596238,-0.03305652594716157
278,0.03890066243527414,-0.025245071517383127
279,0.03867138199603285,-0.015745542527286806
280,0.039062758724512966,-0.003950163985988173
281,0.03651347986987203,0.008053071596594357
282,0.03220637241278592,0.021550234194156685
283,0.024534026461111493,0.03269259775924912
284,0.0141907407788934,0.041310048084711795
285,0.00309820654125057,0.045317393134650844
286,-0.009645118537556837,0.04775158625571885
287,-0.019463512403028068,0.04890103319804234
288,-0.028808737487638094,0.04141883955806631
289,-0.03349878674493219,0.03163296752353956
290,-0.038541266742359734,0.018198037491329592
291,-0.038005515787073126,0.0027802673185709273
292,-0.034536087085460854,-0.01482396974574533
293,-0.027578502752540413,-0.028372794946872795
294,-0.01314607165701992,-0.039823197596845716
295,-0.0004687135632666392,-0.04762664295629744
296,0.012301118476207558,-0.04743003635732289
297,0.026567741153395268,-0.04222437243105832
298,0.036402113439644876,-0.02961312250507864
299,0.04233277790973235,-0.012338740605995808
300,0.036417925610476895,0.007960743752322306
301,0.02883741678382152,0.025979931976817083
302,0.015530895492265506,0.04124801057097001
303,-0.0036540702784013455,0.04827801772434657
304,-0.01879852109741882,0.04626552752118807
305,-0.03066573386198831,0.037589994336043535
306,-0.038113557021414744,0.02088913529814086
307,-0.03952561486752932,-0.0021413144690856675
308,-0.030784223270716504,-0.022231032490713537
309,-0.015328461880513377,-0.04114152637356849
310,0.0038939750375180564,-0.04830580027324624
311,0.021277785985459083,-0.047412313444093204
312,0.03443136447909549,-0.03128833922016535
313,0.03906479444058291,-0.010378810986131451
314,0.03380363206314786,0.016681443177913306
315,0.020630199820218655,0.03805089624161891
316,-0.0018517045487570908,0.04755491546931208
317,-0.02146151991070148,0.04604077269148088
318,-0.03412244296558716,0.03141323489009463
319,-0.039132261485935335,0.005157324183694651
320,-0.0335458715528658,-0.021799478531905208
321,-0.015612820775775816,-0.040820294428680896
322,0.01048050314795479,-0.049725466597270555
323,0.0295722937960846,-0.04148254421009529
324,0.04002360092934843,-0.018051426744004246
325,0.03643439800024068,0.009707545245568142
326,0.020802793203385416,0.035200608587529394
327,-0.004015600133751268,0.05053275648381003
328,-0.025909328467633393,0.04226806926088229
329,-0.037892763698103134,0.01916973081573131
330,-0.0366074282344359,-0.010550017879148605
331,-0.02060571627486711,-0.03753050540581335
332,0.005353653615706587,-0.04778182902540315
333,0.02959931351763808,-0.04134883523316596
334,0.040182219778108444,-0.014086122908294158
335,0.03364958899847594,0.020216385253209703
336,0.011221903058266147,0.04231043960027574
337,-0.016693707773100332,0.04918047854996771
338,-0.036729795166198335,0.028862770469851595
339,-0.0385031782366722,-0.002658021123225672
340,-0.022794557810621483,-0.035203770847019825
341,0.005717838264873364,-0.04798614677561058
342,0.03295800380012263,-0.03759973288028401
343,0.03950525394527841,-0.005573090344150695
344,0.026508283347584767,0.02845273504484185
345,-0.0011910199150496096,0.046828227707744356
346,-0.029028998115778783,0.040486030107429655
347,-0.040809142968278915,0.008213146598899853
348,-0.02587359698461098,-0.026494262227196835
349,0.002765589763503725,-0.0469009538920899
350,0.027493184313866513,-0.041593468885120735
351,0.040990186338478694,-0.007905947798868362
352,0.026006238567107695,0.03031028786084014
353,-0.007661523086500891,0.04877999827794946
354,-0.0325586850953268,0.034504881768044685
355,-0.0383241535129327,-0.0024558070101166063
356,-0.016886852059675845,-0.037462886782706935
357,0.014250911789109798,-0.04697792508681695
358,0.03841533986409073,-0.02398636173097624
359,0.034113375172206264,0.01847356555835071
360,0.004816948004246573,0.04640700782028608
361,-0.027975814491556332,0.04118195478587527
362,-0.039418553704762785,0.004862207008036569
363,-0.020739744616426598,-0.033665856467067455
364,0.014547894156924476,-0.048792763556479705
365,0.03855639287651402,-0.023455483977618045
366,0.032638695379428616,0.021918357698940478
367,-0.00025484774589927057,0.04771847003313032
368,-0.03078271815515112,0.034419816862496004
369,-0.03727357762115594,-0.006162639619126052
370,-0.00981212789844615,-0.044226072127073995
371,0.026042352200979512,-0.040783091515238824
372,0.03989723483385673,-0.0033861499482256956
373,0.017549735347664654,0.042201031018628404
374,-0.020646239411821605,0.04458930390952035
375,0.0004517636907865118,-0.00020581180996249987
376,0.0004970885850050623,0.00014888582569929363
377,-0.0003581251119351872,0.00022770498279477163
378,-0.000645176174534255,-0.00010532108320581948
379,-0.0009099743654267969,0.0008903307021757641
380,0.0004534943008178287,0.00031948362641115376
381,7.380187650922851e-05,-0.001082549517388187
382,-0.0004958978695994111,0.00032962001582616485
383,-0.0007461477362732035,0.001303207811020089
384,-0.0004020686504153884,0.0008374156898591094
385,-0.0007129068180041961,0.0016705737027645504
386,0.0008916919009172343,-0.0007105031051512985
387,-0.0007262917761586187,-0.0005598255482541706
388,0.00023574264093497455,0.0009533087606969138
389,0.00022370368651031275,-0.0006358688452639736
390,-0.0008681995539379411,-0.0006697832976269856
391,0.0010220580258600565,-3.971234696257698e-05
392,-0.0005774030082626665,-0.0011292629851930723
393,-3.3808501985473147e-05,0.0002663981452708815
394,-0.001520030128319544,0.00010245789943147792
395,0.000121000419830748,0.0006087597494627964
396,-0.00043608259547450176,-0.0004580383281405134
397,0.001570321772714253,-0.0005574302854742931
398,0.0005883770206272345,0.0011652353701476418
399,-0.0013673424275427485,0.0006430947868492575
400,-0.0005231902889149618,-0.0020491370668435415
401,-1.1042835029048496e-05,0.001314534655683843
402,-5.612204057498943e-05,-3.694453541071597e-05
403,0.0012718228247503803,-0.000669266770655829
404,-0.0008863753656741238,-0.0016282675224678481
405,0.00010744225393725898,-0.0012966345791272206
406,0.0027286355026173398,-0.0012885182388107977
407,0.0006085868738651376,0.0007204301717519228
408,-0.0008103550133095938,0.0007777580001615052
409,0.0005201479727935531,-3.451697404061744e-05
410,0.00035345420974116406,-0.001716755538086073
411,-0.0016191466384786587,0.0005763287289019841
412,-0.0004969284029859214,0.0008688788050406185
413,-0.0012104716047533076,-0.0006707011059154771
414,0.001583032918660077,3.214001979667081e-05
415,-0.0006769081200222787,0.00017315687426485918
416,0.00044061479791659676,0.0009125822192212443
417,0.0011211158640511635,-9.829543205618249e-05
418,0.00032228831255924975,0.0011116541438910275
419,0.001121201611379756,0.00042461155540567824
420,0.0008866735963664496,8.745964348496513e-05
421,-0.0019434661522399132,-6.699483819206598e-05
422,-0.0009417940889770466,0.001699530945680044
423,-0.0011732783331742209,0.0022585742610871117
424,0.0013524790219040608,0.00039644966679877293
425,0.00027567591010181424,0.0021624752286184693
426,0.000296981105159459,-0.001776398220019785
427,0.0009157585408426832,0.0004917746933187755
428,0.0017549330132961489,0.0004004442973269538
429,-7.612171088908577e-05,0.00014184097843774913
430,-0.00015700672049624872,0.0012852416918801715
431,-0.00015826581769268593,-0.0003144171584071981
432,8.922558338556902e-05,0.00043113052432696276
433,0.0003629931703058206,0.0005477799309357821
434,-0.0006308920676432424,6.655301917156978e-05
435,0.00023068898808104482,0.0007613715949007341
436,-6.414854526262094e-05,0.0016646171706791416
437,0.0009536137329635727,-0.0005567938644993474
438,-0.0007110999087948298,-0.0009075559701442663
439,-0.001980900593480179,0.00012458800110148478
440,-0.00090589038677359,0.001998210933729655
441,0.0032137983520053436,0.0002726314523359199
442,-0.0014907744076396005,0.000989488402736187
443,0.0014065902156776301,-0.00019838344381596564
444,0.000526042862055019,0.0001666400197371058
445,-0.00019121236454857076,-0.0024337947318777177
446,0.0011245946414233092,-0.0014785051139679715
447,0.0023248578404353147,0.0014759986262787926
448,-0.0006203150093354153,-0.00015495259483484786
449,0.0017089793269661996,-0.0003417659217635074
450,0.00027982976498419225,0.00046894056427127114
451,-0.0008033398187729374,0.0014313677008835537
452,-0.0017298245203456774,8.945961087349679e-05
453,-3.054846086216166e-05,-0.00041950604951367137
454,0.0015394095352052914,0.0003737447950852911
455,0.00018983984229398556,-0.001107341636324849
456,-0.0020611973125764416,-0.0013408742545203184
457,0.0005061921251081537,0.0015279756185130266
458,0.001725042768797259,0.0016612572371590853
459,-0.0009873174566278977,0.00038351777700912343
460,-0.00022602130040768955,0.0003679762301202952
461,0.0013356794269021497,0.0002359072206376678
462,0.0010166380427421291,0.0006520942658440092
463,0.001000533213805201,0.0017094948141532901
464,-0.001451298885488104,-0.00044448529311166477
465,0.0004696105401534973,0.0002237489467386271
466,0.0004214963073184011,0.001325894663275146
467,0.0017794070048206755,-0.00011674973989060113
468,-2.9198042587697682e-05,-0.0006196738435237758
469,-0.0014885611447238395,0.00027669482693505685
470,-0.0005093920046837697,0.0006054793804017278
471,0.0011086582176917793,-0.00032138350227929634
472,0.0012660316772239106,0.0016981974493107002
473,-0.00033258445325778496,0.0010278467576154751
474,0.0007797062928959214,0.0008574033249619312
475,-0.0015461824340281022,-0.0007443191364274319
476,-0.0011707958171492858,0.0012036947107574452
477,-0.0012915744005917293,-0.0006504175508219969
478,0.00016961394975958886,0.0009870682694829455
479,-0.00022060901079382078,0.00017186820086180033
480,-0.000838825303786913,0.0009123708142129701
481,-0.0005674109770506513,6.0775658668690214e-05
482,-0.0006289518829759422,-0.0012020100220974223
483,0.00041075233918726976,-0.000279101276828612
484,0.0001225662308142752,0.001138131584189691
485,-6.6762305798931e-05,-0.001629075025852173
486,0.0006777328238223089,-0.00275933271491884
487,-0.0007960528945173511,0.0007050693244319815
488,0.0007061674054815528,-0.0007895528861658029
489,0.0014714875414614528,-0.00020229537328659495
490,0.0005448146904164878,0.0018469336460778395
491,-0.0005451932422508292,0.0014293013416438215
492,-0.00030641499743711687,0.0005614448367244017
493,0.0004444038614452571,-0.0006840052341879584
494,-0.000921026491900343,0.0002632095734719699
495,-0.0014226726113959567,9.263735167132196e-07
496,0.0019230504472523495,0.0022803401384652038
497,0.00017146885146183464,-0.000789231850783959
498,0.0006871526369299098,0.0004165028540783068
499,-5.703337873192769e-07,-2.3364249266012188e-05
500,0.0016460578173023788,0.00018804591190329053
501,-0.0008487190277846708,8.428197011576053e-05
502,0.003064914780320013,-0.0005076728184289887
503,0.0017276850018883407,0.00012675608494291469
504,0.0008950037161528287,-0.0012002252375965664
505,-0.0015559866863382548,-0.0009221931739663967
506,0.0008399566927923365,0.0007860071038235448
507,-0.0015268759007716103,0.00040034663234108335
508,0.00030964872797205654,-0.0006601562543016809
509,0.0014182311517959123,0.000515078480518461
510,0.0007659059741678177,0.0004872018849154396
511,-0.00013888135258360076,0.0012326982227831183
512,0.0008283067924514758,-0.0009869078085756571
513,-0.00017133123902937793,0.0006796459624088003
514,0.0010761472113964684,-0.001416267849154483
515,0.0012088658124483288,-0.0014232719912963035
516,0.0014905050456187512,0.0007947152212525587
517,0.00015220734986421064,0.0005077241281476521
518,-0.00020770342487113917,-0.0005315136352784863
519,-0.0029754668209392705,0.0010690650673064357
520,0.0005791443574816522,0.0011479039646397895
521,7.055533649581135e-05,-0.0013545493517253746
522,0.00025323800996328137,0.0006132682808778882
523,-0.0005231963121949662,0.00015961633064222008
524,-0.0010959701554294457,0.00024373320845224867
525,-0.0004673996923654434,-0.0015302829209247698
526,0.0005476004977478082,-0.0006450034406015504
527,0.0014201743006042585,-0.0011252098320132904
528,0.0028829776870734495,0.001999354398648486
529,-0.00019613536923355555,0.000576279486206352
530,-0.0005108946056039294,-0.0004092527857719659
531,-0.0006119656636356951,-0.0013000500535170648
532,0.000340350208179129,0.0019449122957253151
533,-0.0004157781978248466,-0.0006446094606158358
534,-0.0003656772825881144,-0.00020681180958463484
535,-0.00025888921187327624,0.00011582149438208665
536,-0.0009377492771667762,-0.00037300953547525126
537,0.0005823774965204004,0.0012935810292800671
538,8.08470141727947e-05,-0.0008274366918140296
539,-0.001223135034485377,0.0006927338509517089
540,0.00016975182507577725,-0.000534913567042766
541,-0.001533911963296554,-0.0004803594053359837
542,0.0005057824454598411,-0.0006463071372864782
543,0.00016150948395431884,0.0002731364016328517
544,0.0003658548654145335,1.2696349739421177e-05
545,0.0014861336710445317,0.00012475256229869437
546,-0.00015932220694627418,-3.4849837679258144e-05
547,-0.00040742364904611494,0.0026767935026029326
548,-0.0013347344102167058,0.0013792762761018677
549,0.001267548170105525,-0.00047108673196752864
550,-0.0005577061276811438,0.0002442522631735328
551,0.0009034679035059174,0.0010304687844805355
552,-0.0013820020229830215,0.00130909116620285
553,-0.0004957753030515091,-0.0005838673355285619
554,-0.0016412671803433744,-0.0018182580912420707
555,-0.00011608106108099103,-0.0002199436911205471
556,-0.000618730259714872,0.0002905995325915538
557,0.0005748252956974944,6.090049228481514e-05
558,0.00043016328341784313,-0.0008373939847268146
559,-0.001158434101235772,-0.0016281637466757446
560,-0.0007376360993278709,0.0006934164918060713
561,-0.0016702981378719196,-0.0011111785106419228
562,-0.0005672075836472322,-0.0016698819632789135
563,-0.0004921151783370385,-0.00032989520697378894
564,-0.000122862068339743,-0.0006109010419209657
565,0.0008185260313231048,0.0009969940498112373
566,-0.0015717178789537052,4.975950678889198e-05
567,0.00078493413246199,-0.0007033384514621481
568,0.00011527805368343783,0.0009998015042925231
569,0.0014737547640514704,-0.000375083393604462
570,-0.0004648784624673358,0.0006984355455219282
571,0.0012548472995086207,0.0013947599362118478
572,-4.150801320346246e-05,0.0013553964431044215
573,-0.0010737521472767148,-0.0003757233911979029
574,0.001440280736916282,0.0003577639638086259
575,0.0010274239887656065,0.00011237992992802563
576,-0.0005111770964983255,-0.0010393082569839223
577,0.00018247627186852757,0.0011364529721390178
578,0.0005247108941042822,0.0008820878639246714
579,0.0012100526948961065,0.0011642321874939003
580,0.0002067403661190896,-3.31741353690679e-05
581,-0.0002548046846230172,0.0002482439488830719
582,-0.0001884577464446408,0.0001533851108875634
583,0.0006724882212919538,-0.0019792938098915957
584,0.0024232215468739968,0.001005160346204988
585,0.0011327784326285633,-0.00012298571262883183
586,0.001090117481186331,-0.0003619944671059923
587,7.24678439112041e-05,0.0008271465876520047
588,-0.0005199699905865797,0.00030904461268183665
589,-0.0007100891476598056,0.0002178207919622374
590,-0.0006738237952676919,0.001021699602751912
591,0.0005873723966569159,0.0011918834388226337
592,-0.0022991202685884505,-8.105801541202735e-05
593,0.00027840730522890806,0.0006726385658171617
594,0.0005369328069787714,0.00036173242597342225
595,-0.001403758803948122,0.0009949990362850642
596,-0.0003524165331703868,-0.0009524961478698268
597,-0.0007023742525828247,7.153696469893295e-05
598,-0.0002691271272115314,0.0008572889027073625
599,-0.000620551448905379,0.0005260025571689371
600,-0.0006289615041840533,0.00047926958225363256
601,-0.0004308115388862463,0.0005265714937988087
602,0.0014593892566691238,0.0006688109476708584
603,0.0004347532508863757,-0.00028877301221883747
604,-0.0001627478419395,-0.0022616175165924113
605,-0.0020333902878004154,0.00034420526450140227
606,-0.0012256078627887626,0.00046475976635749886
607,-0.0007506755225123564,0.0008268316781167875
608,-0.0004397370948100571,-0.0014108771764990377
609,-0.00032766507956728287,-0.0012775808214462124
610,-0.0004763984968616268,4.731690898351567e-05
611,0.00020963771708683697,0.0003108315963431825
612,0.0024342075056683382,0.0005488786258106157
613,0.0002894861808656399,-0.0015190422330515678
614,-0.00048204103166143904,-0.0004070181738969523
615,0.0009264914739500497,0.00017256729498910917
616,0.0014217060744407186,0.00016319598477683707
617,-0.0008840306317163001,0.0008898721645207116
618,-0.0003451416537395121,0.0016129819730437605
619,-0.0004335674392097265,0.0006671144042227247
620,-0.0003440794420341007,-0.001296686317575534
621,0.0003610634253722491,-0.0008964203406746354
622,-0.000869980447116701,-2.0060080253209234e-05
623,0.0007654763974120394,-0.0011981557544203964
624,0.0008502734732366539,-0.0014072924122235661
625,-0.04541687100506836,-0.019278224722954304
626,-0.011811920903472559,-0.03995374230817089
627,0.031233755028869756,-0.024219109710964883
628,0.04666391621800239,0.014265798214563374
629,0.020447528591487907,0.038260744653807265
630,-0.024139366972693168,0.03016522688905529
631,-0.050674585823560055,-0.004060653647072045
632,-0.0345266808644015,-0.034796185775391564
633,0.011522651970946703,-0.03733182597490743
634,0.04562666840917426,-0.007392273207982011
635,0.04158464885341253,0.02659695597627563
636,0.006451239174894098,0.038902619168881956
637,-0.03312792206908664,0.0218043893660239
638,-0.04876421415230628,-0.012211181821027354
639,-0.026913551399049065,-0.03624229718014057
640,0.01433393992343429,-0.0348915036589768
641,0.045700047527669756,-0.005996389929083205
642,0.042483092842067575,0.025050263744987186
643,0.01082989851228704,0.04075485144139776
644,-0.027862914436457067,0.026336450830100673
645,-0.0478665054234638,-0.004162870631954146
646,-0.03735607308119445,-0.03227451708476448
647,-0.0018989548458309112,-0.04105329968796631
648,0.03524313799062097,-0.020021261678633856
649,0.048183668857546526,0.010326386153673019
650,0.03325602271239528,0.03426462125592893
651,-0.0033487131393128574,0.03743522152301553
652,-0.037136220168969676,0.018765200189032556
653,-0.04738824041067689,-0.01209284247672251
654,-0.033656098942139195,-0.03486320138040161
655,0.0018311124990773812,-0.03752571345396379
656,0.033992950213291205,-0.02139362340021015
657,0.048912462820282374,0.006902937386114686
658,0.03753417017150875,0.032274218894024966
659,0.005245670036633595,0.04001108167689137
660,-0.025932811708849566,0.027933466579521133
661,-0.047453992086795876,0.0028897873464772982
662,-0.04203727287108036,-0.024379859987659475
663,-0.020659412008381582,-0.0375377225995256
664,0.013152102700495032,-0.03687311834328466
665,0.0400385930455015,-0.015264885560144308
666,0.04916427189098777,0.01053803043063097
667,0.03816173347870573,0.03197870852573682
668,0.00978564731438007,0.04039390490266715
669,-0.021534576353152524,0.032062660554086145
670,-0.04497885206278644,0.008557505064689434
671,-0.04662793113167554,-0.014447525812125564
672,-0.0345124225732035,-0.034422425592515855
673,-0.010125105581792332,-0.03934312724192198
674,0.021042694684526297,-0.03194323767585527
675,0.0414813592672938,-0.012202670814177499
676,0.0492611366974162,0.011047858577969964
677,0.03900255492287333,0.03114069171227943
678,0.01586877312967409,0.03951524369551263
679,-0.012525390544963598,0.03574843662262189
680,-0.033598620756939965,0.02156434652532532
681,-0.04716742881538173,-0.0001324367978892674
682,-0.04735949304053312,-0.0183306741200662
683,-0.03232460071059432,-0.03639163569986493
684,-0.009861357266701246,-0.037572209688237476
685,0.016230271831839314,-0.03335751671842397
686,0.03580250822198339,-0.018663493023539205
687,0.04944722600849235,-0.0006914463300115669
688,0.048001450716275866,0.019201808349467303
689,0.036477023498832646,0.03438998468465686
690,0.016161860900811995,0.03938322899433062
691,-0.007022207254262238,0.03599779491718549
692,-0.02735298569292328,0.02644730256187584
693,-0.04346642602663325,0.011874567040634778
694,-0.04946458142286559,-0.005615959840818155
695,-0.04512100480411197,-0.02546869842842868
696,-0.03222450565986371,-0.03499055356817185
697,-0.01578988682564,-0.04058240904823371
698,0.004058297040758409,-0.03691621545056769
699,0.02498002896924557,-0.029038538257427002
700,0.03914543533709597,-0.017118864703774713
701,0.046488088244848805,-0.0020499746713285643
702,0.04844481509481641,0.01326778012157353
703,0.04215077133817952,0.025553320282320147
704,0.02986868305252217,0.035084549899517016
705,0.015714680841469854,0.03994883666787762
706,-0.00025698223568822957,0.03984081964264893
707,-0.016898544516568585,0.03548797215365495
708,-0.0315688940467335,0.02542921057189364
709,-0.040759547294248605,0.013193736712336313
710,-0.04842880130679583,0.002252751986808853
711,-0.049839654123881194,-0.010991898201566791
712,-0.046060561731419744,-0.0224964063124115
713,-0.037123901488317144,-0.030620876558182783
714,-0.025924981368385558,-0.03657098744346227
715,-0.01540652231810548,-0.03961973945687059
716,-0.0029639950829771894,-0.038964921725246286
717,0.010380800211134649,-0.03720920141797556
718,0.022193914833293835,-0.031948517489359965
719,0.03413062130271675,-0.02287134986784766
720,0.04023682191259754,-0.017123949774679143
721,0.04509141677588544,-0.006850115668849451
722,0.04727060107558558,0.0032206882114471464
723,0.05007115411269542,0.011275883644179124
724,0.048870843671500484,0.0168326982661555
725,0.0425499244901442,0.024858988492031497
726,0.0390998775250316,0.030236304235524855
727,0.03371512149106565,0.03363142125339459
728,0.025159773296914687,0.03792397765215183
729,0.01920530846150516,0.04053683628145532
730,0.011608039698847354,0.039777201497312606
731,0.003212688786674325,0.038283149171947195
732,-0.0035063475421794137,0.03798354589689625
733,-0.01000655231552221,0.03682871099215639
734,-0.01620469599952243,0.03538144586672879
735,-0.01965798449688737,0.032680928248960385
736,-0.024376593593570823,0.02935222454753693
737,-0.02958726374610302,0.025647561979753916
738,-0.033324620951720285,0.021823667700508375
739,-0.03675905679897849,0.019503582059844905
740,-0.03924812588326408,0.017906196071602324
741,-0.039436039298843664,0.012913964441756732
742,-0.04277686384271212,0.012398850981092613
743,-0.042579220269976806,0.010141805243486058
744,-0.04560551905511374,0.006847836286502708
745,-0.04541249889888379,0.0056851856101447825
746,-0.045263234311969484,0.003924306726392573
747,-0.045962538688080604,0.004280007104884101
748,-0.046859432288295616,0.0044557719396527504
749,-0.046180485805298,0.004300340407212475
750,-0.04517432722889164,0.005042100895401005
751,-0.045140013278492,0.004945788810774494
752,-0.0464755172411299,0.005641351564293107
753,-0.045421867941436614,0.006817849666743159
754,-0.046457349464167845,0.007779343504627048
755,-0.04428046994979759,0.00870027602543547
756,-0.04264005521820258,0.010771436510601815
757,-0.040272617610521685,0.011017907690404732
758,-0.039768081205084856,0.015025117576994495
759,-0.037735749967383596,0.0191913649084853
760,-0.036984685106545345,0.02094906982098069
761,-0.031387291840749114,0.023957588367585925
762,-0.027973976420847042,0.027566694928495294
763,-0.023070715372898516,0.030877726394532786
764,-0.017871688154170007,0.031877796020393714
765,-0.011468739184125797,0.034983751717857337
766,-0.005701460208161679,0.03645712562217342
767,-0.0009319600003612698,0.039246548255582964
768,0.007096229777658108,0.03995913060460755
769,0.014169086521827853,0.0417071703149973
770,0.02206429580559182,0.039232482327398
771,0.029870417684030662,0.03591890095168587
772,0.03606700747554105,0.033286279622299235
773,0.03973955757160764,0.027794861548905002
774,0.0460913644675961,0.02171202927637112
775,0.04919293912449912,0.01429864923498878
776,0.04950995657727804,0.007617683629145639
777,0.046505809708108685,-0.0013323907079499208
778,0.041000902900450234,-0.012883240195596776
779,0.03673209257172674,-0.0209824077906835
780,0.02737264340571528,-0.02662830718221608
781,0.017224956448045455,-0.03571952696320731
782,0.005618331844918518,-0.03691364677093946
783,-0.009367387597659068,-0.039778147602649375
784,-0.020837471635090477,-0.03938025379082754
785,-0.035053188770496506,-0.035904385389557994
786,-0.04159095721810265,-0.025472825757846082
787,-0.0476042161985883,-0.016533790274757272
788,-0.050890648506008676,-0.006106346172328578
789,-0.04468979174921662,0.006746138916335099
790,-0.035788799739198254,0.01991758107197963
791,-0.024647344824092227,0.027487977490961157
792,-0.009779252800604318,0.036730771527988454
793,0.009481085521423042,0.03953294604423092
794,0.024976047685076143,0.03858080335877209
795,0.0386372193639272,0.031906571982411445
796,0.04707861083087257,0.018601143264700682
797,0.04850026866313661,0.0047942985462283766
798,0.045833178044509995,-0.00927438105819956
799,0.03283299399438257,-0.022646422861259667
800,0.015040163557254493,-0.03290458499373351
801,-0.004344196351025362,-0.03883121097187263
802,-0.025804776109501024,-0.03722841042977074
803,-0.04046862058507383,-0.029039623471674478
804,-0.047280636889641216,-0.0159551373091133
805,-0.04685736679941015,0.0022256267724202784
806,-0.037402946105407946,0.020075769773988825
807,-0.018351809517162733,0.032700337088989805
808,0.003692825507481498,0.038375243939103715
809,0.0256759233193559,0.03912906265446891
810,0.04274997146073995,0.027937989318843587
811,0.04909629552270458,0.010973343987787366
812,0.043584274154301925,-0.010498134680801281
813,0.026407897635479675,-0.02698231567750898
814,0.00294787951177784,-0.0377761918646212
815,-0.02161050234314963,-0.03819463533943738
816,-0.040333759369464664,-0.030629851610673293
817,-0.04989003123656809,-0.010679474280669038
818,-0.042407685354494615,0.010092537218292901
819,-0.02383929363668932,0.030808763579663886
820,0.003473567551660829,0.04065222807209348
821,0.028130552493627305,0.0370371094635368
822,0.04784183918533858,0.02277519841377954
823,0.0472007964864768,-0.0009099384509561352
824,0.03298939970379282,-0.022437623975191594
825,0.0066792303645577655,-0.03822909535931404
826,-0.023122381487841726,-0.03607248756672741
827,-0.04310687480343266,-0.02458175464704538
828,-0.04905844118257503,-0.002482582701987275
829,-0.03487851421640418,0.0204051780316161
830,-0.007964234278517397,0.03810254514425636
831,0.02569530377013136,0.03709127990493291
832,0.045044782509989396,0.020241773785090372
833,0.04709736455678209,-0.0022966442037206064
834,0.027077851624010895,-0.027850801243922668
835,-0.004556106801640217,-0.040784910139347
836,-0.03407033139216544,-0.033907239078347355
837,-0.04760620360319626,-0.012506179586521851
838,-0.039762327787149575,0.016824671302449835
839,-0.010717816226917403,0.03611050993844594
840,0.023349796989075532,0.039554254167349236
841,0.04673694294976612,0.019855130585227525
842,0.045258060638217947,-0.00749316325088949
843,0.01931735383850197,-0.0316870230071968
844,-0.016466661223011672,-0.04014723293906448
845,-0.04655736227653119,-0.02511913431159028
846,-0.04536584023851734,0.0028251893870569096
847,-0.02280216022607633,0.031851120552445863
848,0.01656016861595549,0.04053575558843794
849,0.045341559655150854,0.02545575830018784
850,0.0450143164310827,-0.005672805893749329
851,0.018850927698714683,-0.03231174210900647
852,-0.01904795184102482,-0.03797292727576282
853,-0.04757677786077175,-0.019565553475351542
854,-0.04114137982663699,0.015045262808862125
855,-0.009865331161009926,0.036934027424156864
856,0.031077413165079962,0.036138558580697686
857,0.04911266324457513,0.009410118992364309
858,0.031159677925789067,-0.022088519520776773
859,-0.006593876612880762,-0.04124773987737728
860,-0.04354304518451661,-0.029144871509198512
861,-0.04479733290240612,0.006616582314759064
862,-0.013412979299736987,0.03480812653136658
863,0.027386743088958287,0.035022857013253646
864,0.04726806938661704,0.010893858492512835
865,0.031024003206491152,-0.024271173802649957
866,-0.012811890901866676,-0.039771602167799076
867,-0.04508228370664101,-0.02258532476035498
868,-0.040816763924741595,0.013538850854753549
869,-0.0006227742803631036,0.039452895276958916
870,0.040906414350526804,0.02924806727335664
871,0.04589108198011651,-0.00481715219540923
872,0.011576419399196455,-0.03611745233842754
873,-0.034189234913263346,-0.03536928216401198
874,-0.04766458474344844,-0.0029112413234880074
875,0.0007725217510795614,-0.0002912517703019031
876,0.00044422991554545654,0.0006646557325165606
877,-0.0005831698927443142,0.0009255995075117083
878,0.0005062988863206017,7.566846374238058e-05
879,-0.0003602725622876427,-0.0006235475206824128
880,0.0006067679326269519,-0.0005957927268247561
881,-0.000456057563519604,0.000362233742681328
882,-3.26580020939835e-05,-0.0007451627877597295
883,0.00011959688847975258,0.00047715003256029243
884,0.0007230593988740544,-0.0026770080305702584
885,0.0008317327783888963,0.0007093053655057181
886,-0.0014403693570187428,-0.0017351585263533599
887,-0.00032523366113026725,0.0008574192848860131
888,-0.00012012590608217537,0.00021483101643911674
889,-0.0016084677674127472,0.0010912367418655286
890,0.0008538406977564408,-0.0006618080802549728
891,-0.00010689722122362392,0.0011343295443552515
892,0.0007222902789882447,-0.0015400951441283182
893,0.00046028632327162086,-0.0007597894006308317
894,-0.0007528658410997408,-0.00044297773103463885
895,0.00036387539024101045,0.00034138536232617377
896,0.0002152517653024338,0.0003773342919297678
897,0.0007972248258715684,0.0007619736907654928
898,0.0022181940689497627,-0.0008440411417541371
899,0.0005159634446322501,-0.0007890642889526129
900,-0.0009892845540143292,-9.009429467562164e-05
901,0.0004724661477081024,-0.00234821237161785
902,0.0007105109086209501,-0.0009166017774946059
903,0.001446586271158148,-0.0008390671263839365
904,9.868193555912502e-05,-3.4815117177124894e-05
905,0.0003812536620719371,-0.00030774179824495884
906,0.0005792501728348891,0.0001761830582595309
907,0.0003752158370356604,-0.00044429931439361823
908,-0.0014421358882022969,0.001706257059440349
909,0.0015212704823864965,0.0007140336965893542
910,-0.0008119529105676594,-0.0008731857351796275
911,-8.201363966730447e-06,0.0029115827304367894
912,-0.0016105693804264651,-0.0005041062113680267
913,-7.702989631212619e-06,0.0011693462807172402
914,0.0007736761024137247,-0.0007815413125414045
915,0.000924325029900051,-0.00012432853024000768
916,0.0015261441867252638,-0.0007955429826914182
917,-0.00039588861333784514,-0.0002687297822088556
918,-0.0003929204895274002,0.0011570909914960788
919,3.844017198203032e-05,-0.0010091381602425067
920,0.0003342910718934004,0.00020937974404649002
921,-0.00022301062487362043,0.0008047634635974212
922,-0.0008898873207742429,-0.0030336372277941317
923,-0.0009455918984381967,-0.0003843853842803792
924,6.287556300618984e-05,-0.001117415776891868
925,-0.00035695876257397683,-0.002188711414241254
926,-0.00041451620871074414,-0.0008631740929514985
927,-0.0011932838572424251,0.0006142490422315385
928,0.00029091087531783267,-0.00018247174988476945
929,-0.0011002663801058107,-0.001087317987500807
930,0.0006956388144870393,0.0010219580461996182
931,0.0009324235818596762,-0.0005049337845378474
932,-0.000608352010526197,-0.00031956266808916116
933,0.0007182866954963853,0.001132118626008172
934,-0.0007255639190025219,-0.00017064361429758667
935,0.0017703465208750448,-0.00014534507970993257
936,-0.00035549411168597284,-0.0012413219965309672
937,0.00045889188692747245,0.00018091233669459308
938,0.002858120991859276,-6.558407602132014e-05
939,-0.00017536299465421842,0.0001144826101299038
940,-0.00047773085696927565,-0.0007614935051898908
941,-0.0004462200787162061,-0.0009932461934319351
942,0.0005403785623452798,3.669458430674831e-05
943,0.0010106971351604643,-0.00020148135687082623
944,-0.00019937182877152686,3.24189276804797e-05
945,0.0003813453845476861,0.00016558781004177473
946,-1.1535335193974218e-05,0.0008334187843314932
947,-0.00027078944132517184,-0.0005142483472552044
948,-0.0009786393058152094,-0.0005933464577114214
949,0.0016046059205966033,-0.0004190352842353076
950,0.00026372932538614363,0.0003693317043181331
951,-0.001049875680163777,0.001119376336860787
952,-0.0016148473428902043,0.0011770450795098397
953,0.0007671534786921923,0.0013799957340448993
954,-0.0012643445011871516,0.0006102466497086746
955,-0.0014841127209471458,-0.0022215250194377277
956,-0.0008932973056239664,-0.00028801812118945503
957,0.0006860579817994496,0.00036321269072120676
958,0.0011521393359166638,-0.0018267239965296025
959,0.0006312345491327262,-0.0007038726919607765
960,0.001689330237308914,0.000991103130483662
961,-0.0007037320514520633,0.000276535403493998
962,0.0008782145499176199,-0.00012854574184896123
963,-0.001507361746544536,-0.0014597722955820346
964,-0.00023038134410359175,0.0010289033457726014
965,-0.0005404687475210469,0.0009469684798621326
966,0.0011650370409514027,0.0008565350894111162
967,8.743230789452605e-06,-0.0016516722994326441
968,0.0019123093087096753,-0.0015391839218970981
969,-0.0023860925631984213,0.00014934708716301894
970,-0.0013166673299287379,0.0005033051943689343
971,-0.000626269397891901,0.0012364400076696257
972,-0.00021342779867999549,-0.0010722886064333647
973,0.0011610603157594128,0.001526923365388631
974,-0.0013358206820430652,-0.0006948542823389069
975,0.0015851698854664246,4.856819062774162e-05
976,0.00046215130891003774,-0.00018138614102824796
977,-0.0013079617167327156,0.0008457601081811696
978,0.00014618477347515637,0.0010212758972051176
979,0.00031016989135317243,0.00037687303377477986
980,0.00028774483825193866,0.0016488626087104966
981,-0.0012599422005729437,0.0006930051187208282
982,0.0006682146363350831,0.0006679783958806831
983,0.00040739861861488204,0.001431559800171821
984,-0.00011031508506027145,0.0013479575208252398
985,0.0009218406982737121,0.002184917225659978
986,0.0017276850037447966,-0.0007837968658924201
987,-0.00018644607893888006,-0.0027370505022144697
988,-0.0008464827305510094,-0.0006611420535935928
989,-0.00016712069363739805,0.0010627380868517802
990,-0.0008546873512397402,0.001216459046359603
991,-0.00036761670144720243,-0.0019526681377562954
992,-0.00035178509165950184,0.00047610268695105
993,-0.0007131230338540767,-0.0002820537203319024
994,0.0005702264701735738,-0.0011445529974112578
995,0.00023499036460662782,6.618669506783677e-06
996,-2.263790564524764e-05,-0.0008175127498150279
997,-0.0007447358438599181,-0.0003876683099183721
998,0.0007925954664942954,0.0019111432550180363
999,-0.0018346094276380678,-0.001581738758092916
