f,p1,p2,p3
-0.5,0.16345740931441977,0.16436858978064772,0.009740437861633177
-0.49874843554443055,0.16387199953567705,0.1647029349570282,0.009741171020489447
-0.4974968710888611,0.16412388027292926,0.16481087250533513,0.009742427967823894
-0.49624530663329164,0.16419713111870468,0.16468290287632753,0.009744116587002308
-0.49499374217772213,0.16408277936972968,0.16432324350299365,0.009746102882580885
-0.4937421777221527,0.16377955833363408,0.16374928530131896,0.00974822305073334
-0.4924906132665832,0.1632942530216224,0.16298987970389195,0.009750298442956168
-0.49123904881101377,0.16264157728550704,0.16208270463567662,0.009752151995505616
-0.4899874843554443,0.16184356015811857,0.16107107069541096,0.009753624538306518
-0.48873591989987486,0.16092845778299827,0.16000056431769774,0.009754589392247208
-0.4874843554443054,0.15992924747875717,0.15891588680414234,0.009754963821880167
-0.4862327909887359,0.15888179839044025,0.15785815937947162,0.009754716222266667
-0.48498122653316644,0.15782284502714142,0.15686285521627125,0.009753868354567399
-0.483729662077597,0.156787912331793,0.1559584170018906,0.00975249245747724
-0.48247809762202754,0.15580935107326677,0.15516554053163764,0.009750703591325922
-0.4812265331664581,0.15491463864073723,0.1544970568844894,0.009748648056369456
-0.4799749687108886,0.15412508237371778,0.15395832453703395,0.00974648911120102
-0.4787234042553192,0.15345503136721353,0.15354803955359728,0.009744391461178508
-0.47747183979974966,0.15291166057727623,0.15325937666279954,0.009742506070021237
-0.4762202753441802,0.15249534151483563,0.15308137812575728,0.009740956770404022
-0.47496871088861076,0.15220056122999642,0.15300050574221227,0.009739829929027409
-0.4737171464330413,0.1520173005165181,0.15300226312103943,0.009739168088166066
-0.47246558197747185,0.15193273820015232,0.1530727832720582,0.009738968095959494
-0.4712140175219024,0.15193311546377966,0.15320026619755997,0.009739183791192263
-0.4699624530663329,0.15200557596096398,0.1533761489504252,0.009739732864371744
-0.46871088861076343,0.15213979625699944,0.1535959018222285,0.009740507113329492
-0.467459324155194,0.15232923764801967,0.1538593709792927,0.009741384983546703
-0.4662077596996245,0.1525718837064542,0.15417062780059637,0.009742245062003387
-0.46495619524405507,0.1528703754029221,0.15453733237268624,0.009742979102886353
-0.4637046307884856,0.1532315133230439,0.15496966499996995,0.009743503217888094
-0.46245306633291616,0.15366515917539406,0.15547891765177096,0.00974376606292257
-0.46120150187734665,0.1541826306518041,0.15607586231891424,0.009743753180121972
-0.4599499374217772,0.15479473879992758,0.15676902471658336,0.009743487075636263
-0.45869837296620775,0.1555096598789511,0.1575629928547456,0.009743023083336555
-0.4574468085106383,0.1563308596431769,0.15845688604734925,0.00974244152806253
-0.45619524405506884,0.15725529402202643,0.15944310608169773,0.009741837106135166
-0.4549436795994994,0.1582720949043583,0.16050649114545007,0.009741306700308061
-0.45369211514392993,0.15936191381765263,0.1616239932014958,0.009740937010093303
-0.4524405506883604,0.16049704231200945,0.16276499466717634,0.009740793392441095
-0.45118898623279097,0.1616423601923548,0.16389236069120777,0.009740911174904374
-0.4499374217772215,0.16275708719544785,0.16496427826724228,0.00974129044086429
-0.44868585732165206,0.1637972370163279,0.16593685552961857,0.009741894922070362
-0.4474342928660826,0.16471860181568693,0.16676734517342312,0.009742655202859085
-0.44618272841051315,0.16548003723108992,0.1674177293172132,0.009743475982683103
-0.4449311639549437,0.16604677826387917,0.1678582870985231,0.009744246701269431
-0.4436795994993742,0.1663934994977989,0.16807069665761332,0.009744854446727336
-0.44242803504380473,0.1665068412516907,0.168050231972047,0.009745197782164065
-0.4411764705882353,0.1663871565872332,0.16780671635046998,0.00974519997589305
-0.4399249061326658,0.16604929040988592,0.1673640745461307,0.009744820128309878
-0.4386733416770964,0.1655222769011383,0.16675854366667026,0.009744060863096872
-0.4374217772215269,0.16484792908687512,0.16603580458616865,0.009742971579907469
-0.43617021276595747,0.16407838707864553,0.16524743147837606,0.009741646717775434
-0.43491864831038796,0.16327278137776016,0.16444710141759714,0.009740219003422288
-0.4336670838548185,0.16249324663403059,0.16368696228851498,0.009738848196067344
-0.43241551939924905,0.161800582222365,0.16301445286542712,0.009737706328619469
-0.4311639549436796,0.16124989321705832,0.16246974167265857,0.009736960830614455
-0.42991239048811014,0.1608865550771003,0.16208383560245304,0.009736757162504042
-0.4286608260325407,0.1607428262419693,0.16187732760320533,0.00973720267407628
-0.42740926157697123,0.16083538603528386,0.16185971298723692,0.009738353320142518
-0.4261576971214017,0.16116400439860734,0.16202920202055865,0.009740204636967344
-0.42490613266583227,0.16171146081054216,0.1623729808957823,0.00974268802591162
-0.4236545682102628,0.16244472974320037,0.16286790900900244,0.009745672934978118
-0.42240300375469336,0.1633173476539047,0.1634816722844921,0.009748975006868188
-0.4211514392991239,0.16427278057050088,0.16417442634765678,0.009752369710271026
-0.41989987484355445,0.16524853007245027,0.16490094935472807,0.009755610431162236
-0.418648310387985,0.16618065592675557,0.16561327772996487,0.009758449520521737
-0.4173967459324155,0.16700836096516217,0.1662637226812475,0.009760660425809203
-0.41614518147684604,0.167678280802647,0.16680807477877896,0.009762058826228092
-0.4148936170212766,0.16814814791141422,0.1672087206287168,0.009762520686872767
-0.41364205256570713,0.16838955396726482,0.1674373464250152,0.009761995364982557
-0.4123904881101377,0.16838961145005374,0.16747691042539903,0.009760512335038884
-0.4111389236545682,0.16815140839874837,0.16732263936196487,0.009758180708639663
-0.40988735919899877,0.16769325081711628,0.16698193255871993,0.009755181441608467
-0.40863579474342926,0.16704678669007564,0.1664732142706198,0.00975175285804198
-0.4073842302878598,0.166254195259622,0.16582392239235086,0.009748170789271501
-0.40613266583229035,0.1653646974241407,0.16506792648556728,0.009744725148061824
-0.4048811013767209,0.16443069180409042,0.16424271062320261,0.009741695082803963
-0.40362953692115144,0.16350384227676054,0.16338663632195327,0.009739324961499719
-0.402377972465582,0.16263143525621768,0.16253653328962409,0.00973780332821659
-0.40112640801001254,0.16185328993725046,0.16172577443936417,0.00973724668387254
-0.399874843554443,0.16119944587473728,0.16098289969417326,0.009737689508511267
-0.3986232790988736,0.16068877549016794,0.16033077707193988,0.00973908140607742
-0.3973717146433041,0.16032858179707507,0.15978623731307737,0.009741291655068172
-0.39612015018773467,0.16011515207717855,0.15936009028459036,0.009744120826264413
-0.3948685857321652,0.16003515474613725,0.159057423222268,0.009747318518846427
-0.39361702127659576,0.16006769683196678,0.15887808639060624,0.009750605709260635
-0.3923654568210263,0.16018680953151185,0.1588172851156421,0.00975369974998995
-0.3911138923654568,0.1603641033909299,0.15886621400904302,0.009756339748818996
-0.38986232790988734,0.16057133457553438,0.15901268689500186,0.009758309951455723
-0.3886107634543179,0.16078264872496317,0.1592417332131247,0.009759458876111921
-0.38735919899874843,0.1609763158712042,0.1595361480586812,0.00975971231732297
-0.386107634543179,0.16113583356640807,0.1598769983120172,0.009759078923773276
-0.3848560700876095,0.16125034889198953,0.1602441010181703,0.009757647801924103
-0.38360450563204007,0.16131442568247792,0.16061650129816776,0.009755578416469173
-0.38235294117647056,0.1613272532643481,0.16097298406022054,0.009753083849192136
-0.3811013767209011,0.1612914501149843,0.16129265479209917,0.009750409143506049
-0.37984981226533165,0.16121165430468484,0.16155561808845073,0.009747806928186985
-0.3785982478097622,0.16109310857099599,0.16174376742632884,0.009745512738290545
-0.37734668335419275,0.16094043991312282,0.16184167661888135,0.009743722426496449
-0.3760951188986233,0.16075680271019968,0.1618375548481065,0.009742573806229607
-0.37484355444305384,0.1605435039934391,0.16172419771434635,0.009742134230421156
-0.37359198998748433,0.1603001651420169,0.16149984234795042,0.009742395237046909
-0.37234042553191493,0.1600254029527942,0.16116882160297918,0.009743274735858773
-0.3710888610763454,0.15971794259894753,0.16074191557502746,0.009744626518873332
-0.36983729662077597,0.15937801330715634,0.16023631989381348,0.009746256197627355
-0.3685857321652065,0.15900883172318286,0.1596751869474445,0.009747942051914838
-0.367334167709637,0.15861795344553498,0.1590867418200062,0.00974945877014232
-0.3660826032540676,0.15821827349775738,0.1585030201307916,0.00975060172480417
-0.3648310387984981,0.15782848246250822,0.15795831098201518,0.00975120930725618
-0.36357947434292864,0.15747283481392368,0.1574874082962983,0.009751180977899614
-0.3623279098873592,0.15718015529044602,0.15712377583716194,0.009750489078130883
-0.36107634543178974,0.1569820913869163,0.1568977178837452,0.009749183070957651
-0.3598247809762203,0.1569107070601601,0.15683462545171326,0.009747385663897963
-0.3585732165206508,0.15699559557003614,0.15695334564828156,0.0097452811282048
-0.3573216520650814,0.15726075911458468,0.1572647076136147,0.00974309695720222
-0.35607008760951186,0.15772155161884305,0.15777023900202758,0.009741080704180007
-0.3548185231539424,0.1583820025421906,0.15846112530600592,0.009739474330500939
-0.35356695869837296,0.15923283017834708,0.15931749943569312,0.009738488634422093
-0.3523153942428035,0.16025041184823224,0.16030819447793518,0.009738280312770678
-0.35106382978723405,0.16139690793812658,0.1613911360247119,0.009738933951936849
-0.34981226533166454,0.1626216422080719,0.16251457333373148,0.00974045079053631
-0.34856070087609514,0.16386373006273988,0.16361932829461084,0.009742745489768714
-0.34730913642052563,0.1650558293293529,0.16464215673474916,0.009745651435680472
-0.3460575719649562,0.16612877536082254,0.16552015819101018,0.009748934326196628
-0.3448060075093867,0.16701676486317396,0.16619595071284915,0.009752313013559067
-0.34355444305381727,0.16766268063854559,0.16662308973230802,0.00975548583618064
-0.3423028785982478,0.1680231103900859,0.16677102438565855,0.00975816005008391
-0.3410513141426783,0.1680726120359872,0.16662882727356723,0.009760081533966724
-0.3397997496871089,0.16780681746088214,0.16620705467576105,0.009761061765846384
-0.3385481852315394,0.16724404449489882,0.16553738731896173,0.009760999206683482
-0.33729662077596995,0.16642519776748899,0.1646700954050049,0.009759892694492392
-0.3360450563204005,0.16541187434148819,0.16366975234883013,0.00975784521933221
-0.33479349186483104,0.16428273858023118,0.1626098803420973,0.009755057432441639
-0.3335419274092616,0.16312837984389886,0.16156728659442054,0.00975181131929132
-0.3322903629536921,0.16204500318634055,0.16061674825199537,0.00974844549721274
-0.3310387984981227,0.16112741477582293,0.15982648697859286,0.009745324454865175
-0.32978723404255317,0.16046183969382405,0.15925462282278552,0.009742804639129611
-0.3285356695869837,0.16011914233735153,0.15894658217202193,0.009741200569262226
-0.32728410513141426,0.16014900475420524,0.15893329827854225,0.009740754120536137
-0.3260325406758448,0.16057555585616531,0.15922999667539306,0.009741609808484453
-0.32478097622027535,0.16139483874584284,0.1598353918848233,0.009743798376605675
-0.32352941176470584,0.16257436242933998,0.16073121533934093,0.009747230302346668
-0.32227784730913644,0.16405481931015356,0.16188212246888609,0.009751700036420445
-0.32102628285356694,0.16575387473993838,0.16323616193025303,0.009756900917246297
-0.3197747183979975,0.16757176436839605,0.16472609986918196,0.009762449791798597
-0.31852315394242803,0.16939828378308308,0.16627193879971675,0.009767919473054266
-0.3172715894868586,0.17112063621817927,0.16778491391525108,0.00977287633990143
-0.3160200250312891,0.17263152856347241,0.16917305986039483,0.009776919728217846
-0.3147684605757196,0.17383688053372834,0.1703481203320082,0.00977971937556581
-0.3135168961201502,0.17466253939568355,0.17123317585900313,0.00978104716204228
-0.3122653316645807,0.17505947124968313,0.17177000312803015,0.009780799795225632
-0.31101376720901125,0.1750070232122192,0.17192499360419264,0.009779009914645488
-0.3097622027534418,0.17451400867301814,0.17169256273394365,0.009775844262486203
-0.30851063829787234,0.17361754674544785,0.17109539313648803,0.009771588935982265
-0.3072590738423029,0.17237977179633385,0.17018147218616952,0.009766623115943117
-0.3060075093867334,0.1708827036384522,0.1690185131124586,0.009761383866781846
-0.304755944931164,0.1692217185102602,0.16768679174418133,0.009756325476918314
-0.30350438047559447,0.1674981724170519,0.1662715738993736,0.009751877271202941
-0.302252816020025,0.16581179214042063,0.16485615864809364,0.009748403868787642
-0.30100125156445556,0.1642534597963971,0.16351622466372454,0.009746171530081437
-0.2997496871088861,0.16289897347998758,0.16231577912496273,0.009745323617965165
-0.29849812265331666,0.16180427328787575,0.16130468409659954,0.00974586737935432
-0.29724655819774715,0.16100248730021288,0.16051753171484665,0.009747673306356697
-0.29599499374217775,0.1605029880455666,0.15997356126820095,0.009750487312867874
-0.29474342928660824,0.16029247128939245,0.1596773291136141,0.009753954899676247
-0.2934918648310388,0.16033789167474732,0.159619914823865,0.009757655419194128
-0.29224030037546933,0.1605909296420094,0.15978053511051057,0.009761143551061531
-0.2909887359198999,0.1609935354061884,0.16012851123740973,0.009763994254587113
-0.2897371714643304,0.1614840099346112,0.1606255768198027,0.00976584689219782
-0.2884856070087609,0.16200304728347176,0.1612285122987508,0.009766444043085463
-0.2872340425531915,0.16249918015945125,0.16189205118176814,0.00976566084116341
-0.285982478097622,0.16293313915251242,0.16257193265071215,0.00976352150273315
-0.28473091364205255,0.16328074904140338,0.1632278959369994,0.009760200992550396
-0.2834793491864831,0.16353413214274545,0.1638263503124987,0.00975601135691193
-0.28222778473091364,0.1637011550200468,0.16434243596816497,0.009751373910112738
-0.2809762202753442,0.16380322535044758,0.16476123108278146,0.009746779962041869
-0.2797246558197747,0.16387170436728093,0.16507795796110966,0.009742743923670203
-0.2784730913642053,0.16394333218413487,0.16529717702010177,0.009739753305832292
-0.2772215269086358,0.16405515609922988,0.1654310999851673,0.00973822030986855
-0.2759699624530663,0.16423949698215562,0.16549726983370588,0.009738439450326602
-0.27471839799749687,0.16451948185015663,0.16551592147871202,0.009740555049303119
-0.2734668335419274,0.1649056124340397,0.16550734685889862,0.009744541604163161
-0.27221526908635796,0.16539373544730915,0.16548954960154666,0.009750199035330203
-0.27096370463078845,0.16596464028635274,0.1654764058115859,0.009757163711648486
-0.26971214017521905,0.1665853473232372,0.16547646819981218,0.00976493494301256
-0.26846057571964954,0.16721198032762533,0.16549247504734732,0.009772915337771342
-0.2672090112640801,0.16779395614562378,0.16552156011455935,0.00978046209137723
-0.26595744680851063,0.1682790890694517,0.1655561046452598,0.009786945005124396
-0.2647058823529412,0.16861910960633955,0.16558512494322855,0.00979180599380933
-0.2634543178973717,0.1687750473388129,0.16559604607416561,0.009794614231759254
-0.2622027534418022,0.1687219305408148,0.16557667500447312,0.009795111099542826
-0.2609511889862328,0.1684523114561684,0.1655171601553423,0.00979323984491098
-0.2596996245306633,0.16797823086925825,0.165411716922304,0.009789156346158293
-0.25844806007509386,0.167331379349106,0.16525991756529335,0.009783219395303296
-0.2571964956195244,0.16656138205703316,0.1650673918334841,0.009775961204109151
-0.25594493116395495,0.16573231340284864,0.1648458572920607,0.009768041019088203
-0.2546933667083855,0.16491772011475234,0.16461248378842527,0.009760186482836863
-0.253441802252816,0.16419457991992337,0.16438867875399518,0.009753128478220902
-0.2521902377972466,0.16363673351739846,0.1641984436519917,0.009747535569778198
-0.2509386733416771,0.1633083887933241,0.16406648685232114,0.009743953886410294
-0.24968710888610762,0.16325830172999553,0.16401628260007,0.009742757536892676
-0.24843554443053817,0.1635151868364717,0.1640682452299695,0.00974411360489753
-0.24718397997496871,0.1640848052106096,0.16423815273852904,0.009747964585564034
-0.24593241551939926,0.16494902963867042,0.16453591535220424,0.009754029881381283
-0.2446808510638298,0.1660670068439693,0.16496475121010212,0.009761826679391487
-0.2434292866082603,0.16737834358522477,0.1655208064723454,0.009770709152277337
-0.24217772215269084,0.16880805382146546,0.16619323999904478,0.009779923441299049
-0.2409261576971214,0.17027283653517536,0.1669647785029539,0.009788674331053899
-0.23967459324155194,0.1716881241663554,0.16781273045792752,0.009796198053697979
-0.23842302878598248,0.17297526273440988,0.16871042059683347,0.009801834498354377
-0.23717146433041303,0.1740681647857767,0.16962896932105387,0.009805091534786424
-0.23591989987484357,0.17491881803494486,0.17053929547598254,0.009805694441221233
-0.23466833541927407,0.17550113291711866,0.1714141748220919,0.00980361467853684
-0.2334167709637046,0.17581276261502052,0.17223015224889418,0.009799074401177206
-0.23216520650813516,0.17587471598243967,0.17296909612658432,0.009792525849905446
-0.2309136420525657,0.17572879003075914,0.17361920718028429,0.00978460768861809
-0.22966207759699625,0.1754330550442437,0.17417535314644367,0.009776082942730819
-0.2284105131414268,0.1750558124030671,0.1746386860214469,0.00976776507586201
-0.2271589486858573,0.17466859480260266,0.17501559502029698,0.00976043969620667
-0.22590738423028783,0.17433887599693074,0.17531613652885691,0.009754789419646298
-0.22465581977471838,0.17412319239732782,0.17555214627057542,0.009751328709705138
-0.22340425531914893,0.17406134748690175,0.17573526974696035,0.009750354322247395
-0.22215269086357947,0.17417227397514753,0.17587514441148308,0.009751915545371437
-0.22090112640801002,0.17445197598618864,0.1759779373070075,0.009755806894470163
-0.21964956195244056,0.17487377794598846,0.17604539423065554,0.009761584340713425
-0.21839799749687105,0.17539088613582815,0.176074499243111,0.009768604477816235
-0.2171464330413016,0.1759410437613453,0.17605778188230656,0.009776084209741914
-0.21589486858573215,0.1764528523164437,0.1759842461881643,0.009783176576648095
-0.2146433041301627,0.1768531612697393,0.17584083187088106,0.00978905636078891
-0.21339173967459324,0.17707481179689433,0.17561425633094294,0.009793007408650347
-0.21214017521902379,0.17706397072503915,0.17529303273078042,0.00979450255509655
-0.21088861076345433,0.17678631424848842,0.17486942328899077,0.009793267022826886
-0.20963704630788482,0.17623141670359938,0.1743410789672087,0.00978931743694874
-0.20838548185231537,0.17541486022841352,0.17371214447735503,0.009782971116622293
-0.20713391739674591,0.17437779259619626,0.17299367175311975,0.009774823749408076
-0.20588235294117646,0.17318390382577536,0.1722032770546596,0.00976569733683289
-0.204630788485607,0.17191404475055144,0.17136407984958532,0.00975656374999131
-0.20337922403003755,0.1706589485284894,0.17050305508820557,0.009748451786402398
-0.2021276595744681,0.16951071583429267,0.16964899677656697,0.009742346969955278
-0.2008760951188986,0.16855386593079827,0.1688303202701629,0.009739093496753802
-0.19962453066332914,0.1678568237050759,0.16807292414017813,0.009739306970148194
-0.19837296620775968,0.16746469838654768,0.16739829905512515,0.00974330527560626
-0.19712140175219023,0.16739411192831208,0.1668220243518779,0.009751063467265331
-0.19586983729662077,0.1676306607148365,0.16635274557396973,0.009762197058190016
-0.19461827284105132,0.16812935763078246,0.16599168647402152,0.009775976601086388
-0.19336670838548187,0.16881812322035986,0.16573271899116349,0.009791374717448313
-0.19211514392991236,0.1696040999282098,0.16556299123578172,0.009807144518536764
-0.1908635794743429,0.17038227986334786,0.16546408997899387,0.00982192549010563
-0.18961201501877345,0.17104569164596667,0.16541368376447277,0.009834369462632695
-0.188360450563204,0.17149621043465232,0.16538755170792413,0.009843275689673758
-0.18710888610763454,0.17165495680378592,0.1653618530063004,0.009847721073252748
-0.1858573216520651,0.17147124721827442,0.1653154413776276,0.009847170132158247
-0.18460575719649563,0.17092915535317657,0.16523199061313318,0.009841550183898146
-0.18335419274092613,0.17005093413358602,0.16510168713484616,0.009831280691836216
-0.18210262828535667,0.16889681878551058,0.16492227383189892,0.009817251396123924
-0.18085106382978722,0.1675610590196133,0.16469929811730752,0.009800750611322535
-0.17959949937421776,0.16616438509849882,0.1644455160369671,0.009783351494836952
-0.1783479349186483,0.16484346552482504,0.1641795137368817,0.009766768856547103
-0.17709637046307886,0.16373823002891713,0.16392370466784362,0.009752701438716855
-0.1758448060075094,0.16297817911462012,0.1637019270103976,0.009742674549735956
-0.1745932415519399,0.1626689543792693,0.16353689264878518,0.009737896143012714
-0.17334167709637044,0.16288048356584306,0.16344773012060906,0.009739136880682633
-0.17209011264080099,0.16363793192208906,0.1634478315633487,0.009746642334959699
-0.17083854818523153,0.16491648891153168,0.16354317289920006,0.009760083801884213
-0.16958698372966208,0.166640709778264,0.16373123932188088,0.009778553234959663
-0.16833541927409262,0.16868873846675964,0.1640006592578062,0.009800607019724275
-0.16708385481852317,0.17090129421523612,0.164331625519789,0.009824361809072668
-0.16583229036295366,0.1730948472201358,0.16469715168595525,0.009847642465785796
-0.1645807259073842,0.1750779805159892,0.1650651615944635,0.009868176704753432
-0.16332916145181475,0.17666957639879657,0.165401330545838,0.009883823469346712
-0.1620775969962453,0.1777172127896759,0.16567248875264762,0.0098928136713952
-0.16082603254067585,0.17811403656353159,0.1658502760366964,0.009893974938748547
-0.1595744680851064,0.17781241505378587,0.1659146317580805,0.009886909124016253
-0.15832290362953694,0.17683285893235176,0.1658566528823528,0.0098720945662903
-0.15707133917396743,0.17526705089808717,0.1656803868350107,0.009850894768691052
-0.15581977471839797,0.17327428285312277,0.16540325325747124,0.009825469319327219
-0.15456821026282852,0.17107116491255764,0.16505498801449883,0.009798597848802819
-0.15331664580725907,0.16891507817688234,0.16467522525032088,0.00977343952234504
-0.1520650813516896,0.16708244869350516,0.16431002107687176,0.009753256195178625
-0.15081351689612016,0.1658434690465675,0.1640077309107245,0.00974112637665644
-0.1495619524405507,0.1654353352384489,0.16381466653088356,0.009739671278519714
-0.1483103879849812,0.16603635524392124,0.16377089621928848,0.009750806575921108
-0.14705882352941174,0.16774338781567158,0.16390645193272713,0.009775527385416235
-0.1458072590738423,0.17055496587257965,0.16423811720980525,0.00981373187185479
-0.14455569461827283,0.1743621446058263,0.1647669247462802,0.009864091998224557
-0.14330413016270338,0.1789486042624256,0.1654765101615311,0.00992398777443875
-0.14205256570713393,0.1840008624902581,0.166332541419805,0.009989531660256654
-0.14080100125156447,0.18912865754184774,0.1672835396174475,0.0100557182330684
-0.13954943679599496,0.19389471009721304,0.16826347104570177,0.010116734720779728
-0.1382978723404255,0.1978522244519558,0.16919645181657295,0.010166453902802443
-0.13704630788485606,0.20058771863601543,0.17000369872275845,0.01019909816827371
-0.1357947434292866,0.20176614433144321,0.17061245691913843,0.010210015173306606
-0.13454317897371715,0.20117482974537176,0.1709660910629451,0.010196454872773745
-0.1332916145181477,0.1987625971847064,0.17103399909262545,0.010158206620342222
-0.13204005006257824,0.1946704999482147,0.17081972531417722,0.01009796479555246
-0.13078848560700873,0.1892509980134094,0.17036581386376606,0.010021349150089908
-0.12953692115143928,0.18307303488929413,0.16975460558490485,0.009936596238540056
-0.12828535669586982,0.17691135355067977,0.1691051717246583,0.00985402782896356
-0.12703379224030037,0.17171944271165027,0.16856756367347495,0.009785458021802465
-0.12578222778473092,0.16858666504305161,0.16831620657474528,0.009743708040386587
-0.12453066332916146,0.16868130444792218,0.16854441165606093,0.009742365541236335
-0.12327909887359195,0.17318239317350895,0.16946169447394244,0.009795878856888245
-0.1220275344180225,0.18320415564909595,0.17129509456706132,0.009920042552940463
-0.12077596996245304,0.19971765661963417,0.17429525964167603,0.010132928157827095
-0.11952440550688359,0.22347470246771153,0.17874787605358458,0.010456354321713929
-0.11827284105131414,0.25493917180580705,0.18499118406419607,0.010918085261674905
-0.11702127659574468,0.29423072273475115,0.19344081743485805,0.011555118839154315
-0.11576971214017523,0.34108524312219446,0.2046240125365299,0.012418731076706555
-0.11451814768460572,0.3948355060128713,0.21922624912371777,0.01358250436895566
-0.11326658322903627,0.4544143180957008,0.23815434917094797,0.015155650687907895
-0.11201501877346681,0.5183810790065707,0.262620163452629,0.017306160352920246
-0.11076345431789736,0.5849711928833642,0.2942458731774824,0.020303134619293495
-0.1095118898623279,0.6521662902902328,0.3351792705770004,0.024598904161180286
-0.10826032540675845,0.7177818301805775,0.38816910603369525,0.03099989999845999
-0.107008760951189,0.7795674549674491,0.4564501855128093,0.041053992223301125
-0.10575719649561949,0.8353145521696719,0.5430594366426074,0.058027743457163404
-0.10450563204005003,0.8829649005578872,0.6488053812269047,0.08973195526124438
-0.10325406758448058,0.920714091199417,0.7678782428228027,0.1582250796322139
-0.10200250312891113,0.9471036318096547,0.8816969611945946,0.33960278339936883
-0.10075093867334167,0.9610962559729047,0.9577348309602541,0.8710558856975671
-0.09949937421777222,0.9621299293685786,0.9649328843500676,1.0
-0.09824780976220276,0.950147310599988,0.8994598880714555,0.3990427571409926
-0.09699624530663326,0.9255989015843714,0.7885689653838306,0.17834606174104428
-0.0957446808510638,0.8894197140936776,0.6667277403271024,0.09820321364430529
-0.09449311639549435,0.8429808795369044,0.5559899290759414,0.06227296612219617
-0.0932415519399249,0.7880191326934586,0.4643783322162055,0.04345591314743986
-0.09198998748435544,0.7265484081545908,0.39192614986798063,0.03248084182845101
-0.09073842302878599,0.6607588159570653,0.3357138111964124,0.025570840609862835
-0.08948685857321653,0.592908945322895,0.29236469266858894,0.020971096423389415
-0.08823529411764702,0.5252177417190805,0.25894077627260337,0.017781058428611884
-0.08698372966207757,0.45976209853934613,0.23313002068181696,0.015501563734201742
-0.08573216520650812,0.3983858139160944,0.21318639015469948,0.013838476750162153
-0.08448060075093866,0.34262472493430046,0.1978111111204125,0.012609628162467685
-0.08322903629536921,0.2936517082318631,0.18603971773886496,0.011697392852854923
-0.08197747183979975,0.2522439082306181,0.17715121430618438,0.011023012815052155
-0.0807259073842303,0.21877311487663287,0.1705993297378811,0.01053194735703898
-0.07947434292866079,0.19321876009197908,0.16596152639360892,0.010185115771501474
-0.07822277847309134,0.17520163294604701,0.1629012129638847,0.009953434648125165
-0.07697121401752188,0.1640352163571484,0.161139566045621,0.009814278175613011
-0.07571964956195243,0.1587905971563173,0.16043449414927152,0.009749117249304386
-0.07446808510638298,0.1583702516624858,0.16056528388169475,0.00974193210655051
-0.07321652065081352,0.16158569311145757,0.16132226506823724,0.00977818410922262
-0.07196495619524407,0.16723399378298753,0.16250136411400135,0.009844239151961146
-0.07071339173967456,0.17416854790509897,0.16390360731317963,0.009927185848430905
-0.0694618272841051,0.18136008366688805,0.1653394155593034,0.010014998467894439
-0.06821026282853565,0.18794480750275358,0.166636902187585,0.010096967504991517
-0.0669586983729662,0.19325760073306877,0.1676525080338539,0.010164275938197197
-0.06570713391739674,0.19684930866349665,0.16828152500440244,0.01021056116862485
-0.06445556946182729,0.19848828383779668,0.16846579251445684,0.010232297374511225
-0.06320400500625784,0.19814739022753253,0.16819638048271768,0.01022887493290003
-0.061952440550688326,0.19597857458897933,0.16751033099103116,0.010202334666284682
-0.06070087609511887,0.1922778094746369,0.1664820803207025,0.010156806306753691
-0.05944931163954942,0.18744367096855236,0.1652114336599012,0.010097768581664899
-0.058197747183979964,0.18193301377816987,0.16381049463717565,0.01003127162201998
-0.05694618272841051,0.1762171472399726,0.16239170419283955,0.009963241924830847
-0.05569461827284106,0.17074161727279402,0.16105838402655753,0.009898943828508451
-0.0544430538172716,0.1658921970666328,0.15989829342286405,0.009842621677673778
-0.05319148936170209,0.16196903216467406,0.15897999748600083,0.009797309444263885
-0.05193992490613264,0.15917013127193083,0.15835144233579823,0.00976477525643079
-0.050688360450563186,0.1575846044008919,0.1580400234781406,0.00974556477282398
-0.04943679599499373,0.15719528589472753,0.15805352641384943,0.009739113609296584
-0.04818523153942428,0.1578896971830816,0.15838151155561297,0.009743908833918794
-0.046933667083854824,0.15947774926980282,0.15899692958089764,0.009757688190842268
-0.04568210262828537,0.16171419201291903,0.15985793900039333,0.009777670464668814
-0.04443053817271586,0.16432360598209128,0.16091002787959263,0.009800810344022857
-0.04317897371714641,0.16702570769461564,0.1620886020538833,0.009824066935573328
-0.04192740926157695,0.16955889027219048,0.1633221860475235,0.009844668658891057
-0.0406758448060075,0.1717002258212681,0.16453629153707533,0.009860351416457545
-0.039424280350438046,0.17328057927896576,0.16565785567490154,0.009869544581648544
-0.03817271589486859,0.1741939848291618,0.16661996934501203,0.009871482478263936
-0.03692115143929914,0.17440097026038492,0.1673664513190931,0.00986622785109401
-0.03566958698372963,0.1739260367973447,0.16785573243610816,0.009854606504547668
-0.034418022528160175,0.1728499705773654,0.16806353641000257,0.00983806552217963
-0.03316645807259072,0.17129804237224655,0.16798399144525272,0.009818477805362387
-0.03191489361702127,0.16942541884754947,0.16762904943728327,0.009797920763675015
-0.030663329161451813,0.16740124682040136,0.1670263638395015,0.009778456406218617
-0.02941176470588236,0.16539287821816237,0.16621600977359294,0.009761935105581161
-0.028160200250312906,0.16355158540936388,0.16524656443278835,0.009749838150826255
-0.026908635794743396,0.16200089178738433,0.16417108175315295,0.009743167061034022
-0.025657071339173942,0.16082833635173693,0.16304340944911025,0.009742381967382707
-0.02440550688360449,0.16008113436017748,0.1619151497592466,0.00974738770243115
-0.023153942428035035,0.15976582228275693,0.16083340394598117,0.009757564257290527
-0.02190237797246558,0.15985161728407496,0.15983930118017145,0.009771837207565024
-0.020650813516896127,0.1602769091918167,0.15896721452551615,0.00978878270698317
-0.019399249061326618,0.160958060805155,0.15824451397099928,0.00980676007787214
-0.018147684605757164,0.16179953761082752,0.15769169184284665,0.00982406271307856
-0.01689612015018771,0.16270432928327164,0.15732270789709127,0.00983907529490233
-0.015644555694618256,0.1635836627912026,0.15714542844514043,0.009850423028573922
-0.014392991239048802,0.1643651322278082,0.15716206703132293,0.009857097673039647
-0.013141426783479349,0.16499856809421115,0.15736956771187732,0.009858546452904935
-0.011889862327909895,0.16545921758176826,0.15775990292103037,0.009854713739898624
-0.010638297872340385,0.16574808278642097,0.15832028520078686,0.0098460312468747
-0.009386733416770932,0.16588953988055036,0.15903331563444348,0.00983335925991107
-0.008135168961201478,0.16592661425811572,0.15987711175231892,0.00981788770112585
-0.006883604505632024,0.16591449292585028,0.16082547365791927,0.00980101028463701
-0.00563204005006257,0.16591299923985997,0.16184815808545197,0.009784186985931191
-0.004380475594493116,0.16597882598757155,0.1629113341358067,0.009768809503867432
-0.0031289111389236623,0.16615831717919508,0.1639782890281985,0.00975608197408051
-0.001877346683354153,0.1664815100784545,0.16501043482623812,0.00974692580940305
-0.0006257822277846992,0.16695800671241487,0.16596863621055127,0.009741914069908514
0.0006257822277847547,0.1675750534229737,0.16681483564096822,0.009741237788357336
0.001877346683354153,0.16829798684337918,0.1675138996648217,0.009744704407617853
0.0031289111389236623,0.16907297591362427,0.16803555646020563,0.009751766813977764
0.004380475594493172,0.16983177321615464,0.16835625079383984,0.009761580079507459
0.00563204005006257,0.17049800429996578,0.1684607201176324,0.009773081646368626
0.006883604505632079,0.17099438665160518,0.16834310370514502,0.009785089115652072
0.008135168961201478,0.17125019174745357,0.16800743869628632,0.009796408087778766
0.009386733416770987,0.17120824980562266,0.16746746763606402,0.009805940928141167
0.010638297872340385,0.17083084716692443,0.16674576870665314,0.009812786359229922
0.011889862327909895,0.17010397467083138,0.16587230489296545,0.009816319889468463
0.013141426783479404,0.16903954091182669,0.16488255470503793,0.009816246594836856
0.014392991239048802,0.16767535188659383,0.16381542298643406,0.009812620665840627
0.015644555694618312,0.16607286078392308,0.1627111321126812,0.00980583003451424
0.01689612015018771,0.16431289013564815,0.16160926604498163,0.009796548620180565
0.01814768460575722,0.16248970559489637,0.16054709243892745,0.009785662491465664
0.019399249061326618,0.16070396088777028,0.1595582334816668,0.009774178880230999
0.020650813516896127,0.1590551252490304,0.15867170509876027,0.00976312815740299
0.021902377972465636,0.15763404071862902,0.15791130388159771,0.009753468619121972
0.023153942428035035,0.15651623496404135,0.15729529472324855,0.009746002562766054
0.024405506883604544,0.15575653890314647,0.1568363394736856,0.009741310131112766
0.025657071339173942,0.15538543523085205,0.15654160548877719,0.009739705222950364
0.026908635794743452,0.1554074058951409,0.15641299936457126,0.009741215721954556
0.02816020025031285,0.1558013683812513,0.15644748206071013,0.009745588508453251
0.02941176470588236,0.15652310859507773,0.1566374342608879,0.009752318158420306
0.03066332916145187,0.15750944845360218,0.1569710532327347,0.009760696786637676
0.03191489361702127,0.15868374382188935,0.15743277343324158,0.009769881054293378
0.033166458072590776,0.15996220528110505,0.15800371204259042,0.009778970925247902
0.034418022528160175,0.16126047870361718,0.15866214724672867,0.009787093443957152
0.035669586983729684,0.16249991863839572,0.15938404133160824,0.009793483868541761
0.036921151439299194,0.16361303424491966,0.16014362240199806,0.00979755622741477
0.03817271589486859,0.16454767956676408,0.1609140376087559,0.009798956029438026
0.0394242803504381,0.16526968791606683,0.16166808688769316,0.009797589537188385
0.0406758448060075,0.1657638015679965,0.16237903912279827,0.009793626570612684
0.04192740926157701,0.16603290845174112,0.16302152229509784,0.00978747687663877
0.04317897371714641,0.16609575210994126,0.16357246596869113,0.00977974316934097
0.04443053817271592,0.1659834157202105,0.16401205948713435,0.00977115650117858
0.045682102628285426,0.16573498335378592,0.16432467439948734,0.009762501289816867
0.046933667083854824,0.1653928429788671,0.16449968749817667,0.009754537940692592
0.048185231539424334,0.16499811104443723,0.16453213432935473,0.009747930646581457
0.04943679599499373,0.16458662721961395,0.16442312468094755,0.009743186851094921
0.05068836045056324,0.16418589381489038,0.16417996278922908,0.009740613334676221
0.05193992490613264,0.16381322537422074,0.16381593548039433,0.00974029218445813
0.05319148936170215,0.16347524094482221,0.16334975879565722,0.009742078211288724
0.05444305381727166,0.16316868784385472,0.16280470374069103,0.00974561773905973
0.05569461827284106,0.16288244553134612,0.1622074497256404,0.009750387101535392
0.056946182728410566,0.16260043525790158,0.1615867354735628,0.00975574761705997
0.058197747183979964,0.16230506758086302,0.16097188866857173,0.00976101229959432
0.059449311639549474,0.16198080488950303,0.1603913166678284,0.009765518223949731
0.06070087609511887,0.1616174052766021,0.1598710328754548,0.009768697502381223
0.06195244055068838,0.1612124486963398,0.1594332803921954,0.009770139500506042
0.06320400500625789,0.16077282319219577,0.15909530074993453,0.00976963743486293
0.06445556946182729,0.1603149607404784,0.15886828519475954,0.009767213933771264
0.0657071339173968,0.15986374810843315,0.15875654225275412,0.009763122395838163
0.0669586983729662,0.15945018472916017,0.15875691949772067,0.009757823738803732
0.0682102628285357,0.15910800233076144,0.15885852849388432,0.009751940957648877
0.0694618272841051,0.15886958540471663,0.15904283616868664,0.009746196351942682
0.07071339173967461,0.1587616245263161,0.15928419719511996,0.009741337990800234
0.07196495619524412,0.1588009857769325,0.15955090215449116,0.009738062798925308
0.07321652065081352,0.15899128259481837,0.159806796527199,0.009736943608984062
0.07446808510638303,0.15932058933690516,0.16001347899539184,0.009738366822191778
0.07571964956195243,0.1597606415179791,0.16013301247437264,0.00974248619533557
0.07697121401752194,0.16026773362471045,0.16013098479181537,0.009749196937024696
0.07822277847309134,0.16078536319160916,0.159979655638062,0.009758132859464308
0.07947434292866085,0.16124849420316,0.15966084864707342,0.00976868779523397
0.08072590738423036,0.16158914040840605,0.15916822055766164,0.00978006078011945
0.08197747183979975,0.16174281668981447,0.15850858327095543,0.009791322553843698
0.08322903629536926,0.16165528986594124,0.15770207068809539,0.009801498759568183
0.08448060075093866,0.1612889921299039,0.1567811089751306,0.009809663004043142
0.08573216520650817,0.16062844958871025,0.15578832678522267,0.009815031017262082
0.08698372966207757,0.15968412890901063,0.15477368652586496,0.009817045980243093
0.08823529411764708,0.15849421516591283,0.15379119544668357,0.00981544511352673
0.08948685857321659,0.15712399628730037,0.15289555445595449,0.009810299098993214
0.09073842302878599,0.15566273147667423,0.15213903485036587,0.00980201878882258
0.0919899874843555,0.15421810594990062,0.15156876634508476,0.009791327522881102
0.0932415519399249,0.15290860263717562,0.15122450639493493,0.009779201540260088
0.0944931163954944,0.15185433238528107,0.15113686801161952,0.009766784662932404
0.0957446808510638,0.15116703749174631,0.1513259278288492,0.00975528602959123
0.09699624530663331,0.15094010144783165,0.15180012395511527,0.00974587086675577
0.09824780976220282,0.15123944708645562,0.1525553818278131,0.009739554173520322
0.09949937421777222,0.152096178027473,0.15357446812556946,0.009737106125901136
0.10075093867334173,0.15350171301237012,0.1548266562028658,0.009738976458020927
0.10200250312891113,0.15540598497434033,0.1562678755564853,0.009745243470650582
0.10325406758448064,0.15771903877475996,0.15784159081860313,0.00975559187657506
0.10450563204005003,0.1603160816538826,0.15948068483145766,0.009769322390409107
0.10575719649561954,0.16304574135703684,0.16111057490712782,0.009785394566415483
0.10700876095118905,0.16574099411976462,0.1626536476525251,0.009802502536455399
0.10826032540675845,0.16823196435238735,0.1640348540315756,0.00981918071560829
0.10951188986232796,0.17035959442208803,0.16518799842561274,0.00983393317599994
0.11076345431789736,0.1719890569718935,0.16606196168357246,0.0098453765644833
0.11201501877346687,0.17302174846770407,0.16662592315549588,0.00985238288514721
0.11326658322903627,0.17340476845305153,0.16687268186794563,0.009854206181552116
0.11451814768460578,0.17313695328002573,0.1668194525814181,0.009850577104190695
0.11576971214017528,0.1722707861990884,0.16650596925993075,0.009841752088099533
0.11702127659574468,0.17090982978156938,0.16599023222985781,0.009828509219306107
0.11827284105131419,0.1692016968854531,0.16534263210179045,0.009812089869525312
0.11952440550688359,0.1673269627904902,0.16463936634929116,0.00979409232203404
0.1207759699624531,0.16548479098687807,0.1639560130596772,0.009776329353840813
0.1220275344180225,0.1638763656044212,0.16336190199944178,0.009760665020106488
0.12327909887359201,0.16268746458069713,0.16291562853561375,0.009748846449760536
0.12453066332916152,0.1620716448235442,0.1626617887398789,0.009742344845884317
0.12578222778473092,0.16213552708619852,0.1626288363257915,0.009742217131788064
0.12703379224030042,0.16292755691378558,0.16282789357708186,0.00974899691076146
0.12828535669586982,0.1644313823576617,0.16325237544156018,0.009762621421101689
0.12953692115143933,0.16656464353440426,0.16387837549288423,0.00978240022665009
0.13078848560700873,0.16918353796086388,0.16466587309270508,0.009807031134391485
0.13204005006257824,0.17209304181728202,0.16556090902392329,0.009834668409015614
0.13329161451814775,0.17506216981409145,0.16649889998789683,0.009863046620021581
0.13454317897371715,0.17784318711709243,0.1674091868639025,0.009889659370736869
0.13579474342928666,0.1801932873717195,0.16822072403240426,0.009911985261580058
0.13704630788485606,0.1818969588805766,0.16886853923038375,0.009927744326114806
0.13829787234042556,0.18278710676516405,0.16930029186855738,0.009935158734984078
0.13954943679599496,0.1827630026461878,0.16948203508150345,0.009933184703868225
0.14080100125156447,0.18180330283502527,0.16940224819969502,0.009921681302184893
0.14205256570713398,0.1799727055074158,0.16907340998049444,0.00990148806544638
0.14330413016270338,0.17742128738056928,0.16853079988171785,0.00987439644113529
0.1445556946182729,0.17437613885460396,0.16782872740095858,0.009843017037690515
0.1458072590738423,0.17112556057080436,0.16703483800236446,0.009810560717256545
0.1470588235294118,0.16799674343751753,0.1662233966422278,0.00978056237533791
0.1483103879849812,0.16532847413424157,0.16546845764315474,0.009756579417630773
0.1495619524405507,0.16344093516370048,0.1648376365276937,0.009741892904607072
0.15081351689612021,0.162605053831988,0.16438690818215707,0.00973923083034139
0.1520650813516896,0.16301405838187388,0.16415657744464598,0.009750523814820791
0.15331664580725912,0.16475989495786317,0.1641683830734046,0.0097766971068935
0.15456821026282852,0.1678169347836637,0.16442363823430803,0.009817501538372377
0.15581977471839803,0.17203496272694552,0.16490237262766141,0.009871390729814042
0.15707133917396743,0.1771428096804544,0.165563585281193,0.009935461563869319
0.15832290362953694,0.18276321172384521,0.1663468835696425,0.010005487014476623
0.15957446808510645,0.188438602690875,0.16717589764797317,0.010076080060857848
0.16082603254067585,0.19366663777276255,0.16796383650093352,0.010141027899755023
0.16207759699624535,0.19794337412155188,0.16862132124010357,0.010193819786758148
0.16332916145181475,0.20081127056288678,0.16906617332812698,0.010228355371361254
0.16458072590738426,0.20190857797372455,0.16923422627746623,0.01023976708622042
0.16583229036295366,0.20101632979445974,0.16908966043521648,0.0102252353019798
0.16708385481852317,0.19809904865433686,0.16863309313153443,0.01018464307623357
0.16833541927409268,0.19333548155658006,0.16790590338101116,0.010120931349492596
0.16958698372966208,0.18713616268722782,0.16699005591896504,0.010040081616973773
0.1708385481852316,0.18014535784286237,0.16600378913154376,0.009950752314049538
0.17209011264080099,0.17322592466072825,0.16509455863108402,0.009863689982987924
0.1733416770963705,0.16742676646584378,0.16443123035554597,0.009791091417676355
0.1745932415519399,0.16393378802876632,0.16419755318490448,0.009746094642139505
0.1758448060075094,0.1640064927098068,0.16458852485629957,0.009742537430714023
0.1770963704630789,0.16890350277475935,0.16581066640729603,0.00979507048339328
0.1783479349186483,0.17980125166044053,0.16808671558092314,0.009919676662697594
0.17959949937421782,0.19771081185593142,0.17166501726994599,0.010134646828751145
0.18085106382978722,0.2233982236913674,0.17683399105363348,0.01046210730617555
0.18210262828535673,0.25731373814233993,0.18394247705125927,0.010930294717905284
0.18335419274092613,0.2995350643903538,0.19342746039446929,0.01157695541227851
0.18460575719649563,0.34972902998879357,0.20585160590182303,0.0124545672898206
0.18585732165206514,0.40713505373781333,0.22195410624985715,0.013638671132173924
0.18710888610763454,0.4705725585025702,0.24271925292243035,0.015241742670003038
0.18836045056320405,0.5384729932511703,0.26946689523133033,0.017437389624471524
0.18961201501877345,0.6089355855546421,0.3039647040952892,0.02050480305946651
0.19086357947434296,0.6798044111515658,0.34854625523755844,0.024915446297934365
0.19211514392991236,0.7487629506104136,0.40617240213795314,0.03151458080328148
0.19336670838548187,0.8134411030535338,0.48025430875178904,0.04193590609220642
0.19461827284105138,0.8715287284103672,0.5737947250828184,0.059657391246260794
0.19586983729662077,0.9208892582320537,0.6869820585269063,0.09308740046555776
0.19712140175219028,0.959666791737222,0.8122693397058839,0.16627523546543949
0.19837296620775968,0.986380391843114,0.9281868799914927,0.3624927028597526
0.1996245306633292,1.0,1.0,0.9068759787897215
0.2008760951188986,0.9999994552510987,0.9982015031027783,0.9002727171249585
0.2021276595744681,0.9863834635656292,0.92368206245357,0.3594046540680001
0.2033792240300376,0.9596869292405694,0.8068463662592364,0.16523985872059752
0.204630788485607,0.9209467279459158,0.6819974463285242,0.0926638755672701
0.20588235294117652,0.8716476607253276,0.5698016063341255,0.059454365355403944
0.20713391739674591,0.8136458706182286,0.47728105947310917,0.04182771360932791
0.20838548185231542,0.7490743275850067,0.40403864379665877,0.031452816598684104
0.20963704630788482,0.6802360075542656,0.34703435128351384,0.024878657606276833
0.21088861076345433,0.6094910434417551,0.30288389863789617,0.02048241176361307
0.21214017521902384,0.5391443713372208,0.2686673899048681,0.01742372628034154
0.21339173967459324,0.47134022325578173,0.2420886108508607,0.015233556052194683
0.21464330413016275,0.40796924699442244,0.22140964598010104,0.0136339870220688
0.21589486858573215,0.3505931087396881,0.20533351984151532,0.012452125266781633
0.21714643304130166,0.30039022355589867,0.19289388469270455,0.011575914436750833
0.21839799749687105,0.25812484939112007,0.18336655865514057,0.010930073101684814
0.21964956195244056,0.22414027024235858,0.17620268181483212,0.010462294763480207
0.22090112640801007,0.1983752867695982,0.17097927698721913,0.010134958225958
0.22215269086357947,0.18040182839164506,0.16736279741949933,0.009919931960965038
0.22340425531914898,0.16948029045942523,0.16508210586376165,0.009795192348073769
0.22465581977471838,0.16462825828609398,0.16390833325435858,0.009742560863763308
0.2259073842302879,0.1646976605931939,0.16363993936544852,0.009746183448606935
0.2271589486858573,0.16845512817268668,0.16409198563843647,0.009791555260830705
0.2284105131414268,0.17466042356881256,0.16508912572807846,0.009864994073929104
0.2296620775969963,0.18213823354298153,0.16646211210012704,0.00995351056968862
0.2309136420525657,0.18983933435236422,0.16804768727761166,0.010045024817047504
0.2321652065081352,0.1968880878469432,0.16969156719092504,0.010128845605169834
0.2334167709637046,0.2026143276785165,0.17125386744942103,0.01019628087448602
0.23466833541927412,0.20656886535976274,0.1726158787212138,0.010241209825304094
0.23591989987484352,0.20852299999540133,0.17368673827465692,0.01026044722990271
0.23717146433041303,0.20845347265669395,0.1744084567430496,0.010253780683001111
0.23842302878598254,0.2065151966728209,0.17475805255285484,0.010223650192822847
0.23967459324155194,0.20300476404162826,0.17474618363433306,0.010174534261457115
0.24092615769712145,0.19831813997700903,0.17441245905871053,0.010112172058409639
0.24217772215269084,0.19290609721573365,0.17381830553647648,0.010042768238524891
0.24342928660826035,0.1872308148825714,0.1730386506254004,0.009972299745833593
0.24468085106382975,0.1817266987488749,0.17215369878925396,0.009905993253822609
0.24593241551939926,0.1767679126187238,0.17124179328348332,0.009847990843923037
0.24718397997496877,0.1726443990890956,0.17037393088203012,0.009801185225880804
0.24843554443053817,0.16954737477498225,0.16961008105222442,0.009767188589495504
0.24968710888610768,0.16756447575847225,0.1689971546970715,0.009746397594819368
0.2509386733416771,0.16668396658817505,0.16856830137129317,0.00973812443902643
0.2521902377972466,0.16680676650701062,0.16834316983903,0.009740774039964654
0.2534418022528161,0.16776453441453903,0.1683288041318156,0.00975205565690858
0.2546933667083855,0.16934171993121236,0.16852092365662566,0.00976922135982836
0.255944931163955,0.1712993465544204,0.16890541898319136,0.009789323158277803
0.2571964956195244,0.17339834282183195,0.1694599648875587,0.009809476334589399
0.2584480600750939,0.17542046193285202,0.17015570002600272,0.009827110773020505
0.2596996245306633,0.1771851996248786,0.1709589468829294,0.009840187622327553
0.2609511889862328,0.17856159444059455,0.17183294981740793,0.009847358047511467
0.2622027534418023,0.1794743277769102,0.17273959934247954,0.009848045541759403
0.2634543178973717,0.17990408502528538,0.17364109474361186,0.009842442890412204
0.26470588235294124,0.17988264735233586,0.17450148237564303,0.009831427205793537
0.26595744680851063,0.17948361551976935,0.17528799987731697,0.009816408272543724
0.26720901126408014,0.17880999062031497,0.1759721611330591,0.009799133780077723
0.26846057571964954,0.17798003067623874,0.17653053390288492,0.009781478219279565
0.26971214017521905,0.1771128578296958,0.17694518908978957,0.00976524038144279
0.27096370463078856,0.1763152117598788,0.17720383244005947,0.009751969018399318
0.27221526908635796,0.17567054578694202,0.1772996596905813,0.009742829388046544
0.27346683354192747,0.1752313672258945,0.1772309989149739,0.00973851695563557
0.27471839799749687,0.17501536430677192,0.17700081518045746,0.009739219526034813
0.2759699624530664,0.1750054737340091,0.1766161514781804,0.009744625766894027
0.2772215269086358,0.17515366181868064,0.17608756782582122,0.00975397602533081
0.2784730913642053,0.17538785177416413,0.1754286210581315,0.009766149831629612
0.2797246558197748,0.17562115869221837,0.17465540562806067,0.009779782878220636
0.2809762202753442,0.17576241292817515,0.17378615506794917,0.009793404247085608
0.2822277847309137,0.17572687418050795,0.1728408879197572,0.009805582380274602
0.2834793491864831,0.17544606489555115,0.17184107277333732,0.00981506632296504
0.2847309136420526,0.17487577579387015,0.17080928484007712,0.009820907930276747
0.285982478097622,0.17400150293315317,0.16976883020614553,0.009822551756054343
0.2872340425531915,0.17284084273094422,0.16874332164421285,0.009819882563956097
0.288485607008761,0.1714426722322191,0.16775619934845512,0.00981322552521857
0.2897371714643304,0.16988324813310404,0.16683019908219598,0.009803300292504138
0.29098873591989993,0.16825964181723238,0.16598677743481863,0.009791136020433756
0.29224030037546933,0.16668116415864231,0.16524550841069865,0.009777958860702412
0.29349186483103884,0.16525960347864843,0.164623467491522,0.009765065753647106
0.29474342928660824,0.1640991898875504,0.1641346194104349,0.009753698355220209
0.29599499374217775,0.16328720395004273,0.16378922540338303,0.009744929129376979
0.29724655819774726,0.1628860696115768,0.16359328607100254,0.009739568769886233
0.29849812265331666,0.16292762030539854,0.1635480384509879,0.009738100977498547
0.29974968710888616,0.16341001896290117,0.16364953127938464,0.009740647773540476
0.30100125156445556,0.16429756762550649,0.16388831081888156,0.009746966220486942
0.3022528160200251,0.16552338340700481,0.1642492602301667,0.009756475588058616
0.30350438047559447,0.16699466801486473,0.16471164632692833,0.009768312414883648
0.304755944931164,0.16860007959250212,0.16524943558221378,0.009781409311546625
0.3060075093867335,0.17021854647054482,0.16583194233545817,0.009794591591363486
0.3072590738423029,0.1717287557065806,0.16642486172828147,0.009806683974877673
0.3085106382978724,0.173018512272458,0.16699171403501373,0.009816617998044855
0.3097622027534418,0.17399319825002482,0.1674956839939067,0.009823529824510287
0.3110137672090113,0.17458266002799552,0.16790178066866304,0.00982683838591707
0.3122653316645807,0.1747460043445827,0.1681791777002401,0.009826295435121214
0.3135168961201502,0.17447397583686822,0.16830353317827892,0.009822002146493843
0.3147684605757197,0.1737888014503182,0.168259048502176,0.009814390907238922
0.3160200250312891,0.17274160141739436,0.16804002111029742,0.009804175200223756
0.31727158948685863,0.17140766393771797,0.167651685000368,0.00979227418766376
0.31852315394242803,0.16988004482677338,0.16711021300883486,0.009779721126784333
0.31977471839799754,0.16826207148487643,0.16644186159346464,0.00976756577171528
0.32102628285356694,0.16665939439188135,0.16568134970371193,0.009756780503141016
0.32227784730913644,0.16517223588957802,0.16486965396285902,0.009748178433973315
0.32352941176470595,0.16388843737748227,0.16405145454766393,0.009742349653715366
0.32478097622027535,0.1628778090842578,0.16327247278095608,0.009739619551149303
0.32603254067584486,0.16218815209187434,0.16257690767939856,0.009740031101503259
0.32728410513141426,0.1618431638871329,0.1620051186977797,0.00974335124157407
0.32853566958698377,0.16184227145238042,0.16159163355978043,0.00974909995218079
0.32978723404255317,0.16216227487358975,0.1613634997748197,0.009756599312664482
0.3310387984981227,0.16276054339934554,0.16133895782917973,0.009765038489952126
0.3322903629536922,0.16357939607675837,0.1615263988566267,0.009773549363179663
0.3335419274092616,0.16455122835559255,0.16192358027715673,0.009781286372831833
0.3347934918648311,0.16560391826477514,0.1625171057081204,0.009787503436003544
0.3360450563204005,0.16666606068087955,0.1632822233242332,0.009791620645453926
0.33729662077597,0.1676716316895642,0.16418304950814008,0.009793274177359342
0.3385481852315394,0.16856376963994588,0.16517336839721883,0.009792344433354161
0.3397997496871089,0.16929746531069742,0.1661981759229952,0.009788959796390549
0.3410513141426784,0.16984106935117108,0.16719611110826973,0.009783476152773377
0.3423028785982478,0.17017663927793666,0.16810283333115783,0.009776435072839722
0.3435544430538173,0.17029925009564065,0.16885525882436134,0.0097685058013566
0.3448060075093867,0.17021547320214003,0.1693963791252422,0.009760417658156856
0.34605757196495623,0.1699412813568342,0.16968018842193003,0.009752889956731417
0.34730913642052563,0.169499659936424,0.1696761040035249,0.00974656618105253
0.34856070087609514,0.16891819650649378,0.16937223359034517,0.009741958132504908
0.34981226533166465,0.1682268850062857,0.16877696029443207,0.009739404342536144
0.35106382978723405,0.16745632330208476,0.16791856986241138,0.009739045491435191
0.35231539424280356,0.1666364111599739,0.16684297554368185,0.00974081805061429
0.35356695869837296,0.16579557853503044,0.16560991288299684,0.00974446595499851
0.35481852315394247,0.16496050031848303,0.16428819403338135,0.009749568824993829
0.35607008760951186,0.16415619139478593,0.1629506803350233,0.009755584079523438
0.3573216520650814,0.16340633152263742,0.1616695559925561,0.009761899217478194
0.3585732165206509,0.16273364745279806,0.1605123100949697,0.009767889649090545
0.3598247809762203,0.1621601815394745,0.15953862251940043,0.009772976840430317
0.3610763454317898,0.16170730091811517,0.15879815840271233,0.00977668133349628
0.3623279098873592,0.1613953456282357,0.15832914136427823,0.00977866554572991
0.3635794743429287,0.16124287228695236,0.15815750916992094,0.009778762191597757
0.3648310387984981,0.1612655150412057,0.15829645097884415,0.009776985651073553
0.3660826032540676,0.1614745498255254,0.15874616775163275,0.009773525462431555
0.3673341677096371,0.16187530384023838,0.1594937699851383,0.009768723076918924
0.3685857321652065,0.1624655929838939,0.16051331437981547,0.009763034787835304
0.369837296620776,0.16323439068801354,0.16176606964148388,0.009756985084092312
0.3710888610763454,0.16416092932010057,0.1632011774471211,0.009751115423354485
0.37234042553191493,0.16521440959232053,0.16475692163310635,0.009745933538836989
0.37359198998748433,0.16635444627923746,0.1663628187543072,0.009741867962440776
0.37484355444305384,0.16753231433654564,0.16794267948905617,0.009739231610319884
0.37609511889862335,0.16869298440627656,0.16941865473346604,0.00973819720038176
0.37734668335419275,0.16977785811081356,0.1707160825561809,0.009738786098358687
0.37859824780976226,0.1707280393918011,0.17176872761784356,0.009740871020239036
0.37984981226533165,0.1714879160592651,0.17252381203353184,0.009744191910763051
0.38110137672090116,0.1720087822434444,0.17294614380237808,0.00974838330016164
0.38235294117647056,0.17225221243489233,0.17302070684842094,0.00975301054061509
0.38360450563204007,0.17219290389956007,0.17275329331098607,0.009757611582413547
0.3848560700876096,0.171820736623914,0.17216908722644725,0.009761740433454956
0.386107634543179,0.17114185621967162,0.17130946073370182,0.009765008235433286
0.3873591989987485,0.17017866072366947,0.17022752301313732,0.009767118059008461
0.3886107634543179,0.1689686604057914,0.16898310137410424,0.009767890104447199
0.3898623279098874,0.16756227271192897,0.16763781765389105,0.009767274967582288
0.3911138923654568,0.16601970394176951,0.16625078457959813,0.009765353895221634
0.3923654568210263,0.16440714705672524,0.16487524633292672,0.009762326350029773
0.3936170212765958,0.16279258399906518,0.1635562861669084,0.009758486542431999
0.3948685857321652,0.16124151561861566,0.1623295640760607,0.009754191686290608
0.3961201501877347,0.1598129494699837,0.16122094704073858,0.00974982546370674
0.3973717146433041,0.15855595457201874,0.16024685039432895,0.009745760480684783
0.39862327909887363,0.15750704448636524,0.15941510659736582,0.009742323371042728
0.399874843554443,0.1566885799473927,0.15872619893096107,0.009739765729466212
0.40112640801001254,0.1561082959498702,0.15817472651807038,0.00973824332535326
0.40237797246558205,0.1557599633067108,0.15775099294701617,0.009737805170656944
0.40362953692115144,0.1556250996052458,0.1574426284935192,0.00973839307658226
0.40488110137672095,0.15567555757574927,0.1572361651398211,0.009739851403997711
0.40613266583229035,0.15587674772240345,0.15711848719416457,0.009741945841960982
0.40738423028785986,0.15619120277866028,0.157078082895343,0.009744389281735004
0.40863579474342926,0.15658216825986632,0.15710602854184297,0.009746872236188435
0.40988735919899877,0.15701690786479858,0.15719664962370297,0.009749094838578448
0.4111389236545683,0.1574694440010038,0.1573478240444637,0.009750797293575399
0.4123904881101377,0.15792250915258654,0.15756091912686643,0.009751785788672399
0.4136420525657072,0.1583685579574003,0.15784038300699405,0.009751951319741934
0.4148936170212766,0.15880977590061945,0.15819303768230333,0.009751279613070873
0.4161451814768461,0.15925711068720297,0.15862714135130318,0.00974985126434519
0.4173967459324155,0.15972843859962335,0.15915129937858816,0.009747832250986348
0.418648310387985,0.16024605292604463,0.1597733060282082,0.009745455976770309
0.4198998748435545,0.1608337184489781,0.16049899480873572,0.009742998851342905
0.4211514392991239,0.16151357030740748,0.16133116687411508,0.009740751996132403
0.4224030037546934,0.1623031446721886,0.1622686576497356,0.00973899195113758
0.4236545682102628,0.16321281228126724,0.1633055941878583,0.009737953231055857
0.4249061326658323,0.16424384591959368,0.1644308907783572,0.009737805280905567
0.4261576971214017,0.16538729340561228,0.16562802743985627,0.009738635871817447
0.42740926157697123,0.16662375422258346,0.16687515290898236,0.00974044232614607
0.42866082603254074,0.1679240773795266,0.16814554734970902,0.009743131232272655
0.42991239048811014,0.16925091765255973,0.16940846664377182,0.00974652655844983
0.43116395494367965,0.17056101410904637,0.1706303669940267,0.00975038534821446
0.43241551939924905,0.17180799500866142,0.17177647484339842,0.009754419520278815
0.43366708385481856,0.17294547170919086,0.17281262496954325,0.00975832174819884
0.43491864831038796,0.17393016422598065,0.1737072447547377,0.009761793007673132
0.43617021276595747,0.17472480375687216,0.17443332375212883,0.009764569199477376
0.437421777221527,0.17530058190521153,0.17497018475196405,0.009766444320959864
0.4386733416770964,0.17563895972877805,0.17530487411434903,0.009767287983469522
0.4399249061326659,0.17573270773722904,0.17543301926074012,0.00976705563896244
0.4411764705882353,0.17558611503160895,0.1753590574661315,0.009765790631204481
0.4424280350438048,0.17521437578922405,0.17509581334416302,0.009763618038134567
0.4436795994993742,0.17464222806752486,0.17466347896691858,0.009760731116242802
0.4449311639549437,0.17390197777053118,0.174088115893243,0.009757371890040577
0.4461827284105132,0.17303108493850058,0.17339984120226987,0.009753807964467193
0.4474342928660826,0.1720695170243746,0.17263087469823485,0.00975030792370276
0.4486858573216521,0.17105708287807528,0.17181361326458267,0.009747117703532347
0.4499374217772215,0.1700309518525585,0.170978867734191,0.009744440108381977
0.451188986232791,0.1690235364854624,0.17015435711067267,0.009742419235465519
0.4524405506883604,0.16806087771187406,0.16936351387325335,0.009741131026390543
0.45369211514392993,0.16716162269556886,0.1686246195365982,0.009740580551615056
0.45494367959949944,0.1663366319174934,0.16795026551912035,0.00974070600044749
0.45619524405506884,0.1655891990698737,0.1673471214284337,0.009741388746478183
0.45744680851063835,0.1649158191954854,0.16681598933595324,0.009742468326797418
0.45869837296620775,0.16430740127911198,0.1663521251426716,0.009743760750343259
0.45994993742177726,0.1637507939841631,0.16594581270295072,0.009745078270067724
0.46120150187734676,0.1632304790136918,0.16558317899941583,0.00974624864359951
0.46245306633291616,0.16273028590716146,0.16524723606520558,0.00974713198554848
0.46370463078848567,0.16223499392923812,0.1649191255016171,0.009747633582748322
0.46495619524405507,0.16173170893223016,0.16457952408243373,0.009747711481178716
0.4662077596996246,0.16121093272601125,0.1642101459566124,0.0097473782167285
0.467459324155194,0.16066727613824652,0.16379525242749807,0.009746696688875102
0.4687108886107635,0.16009980106011426,0.16332305994468868,0.009745770793748705
0.469962453066333,0.1595120080749757,0.16278692705315032,0.009744731968951315
0.4712140175219024,0.15891151206171594,0.16218620669229472,0.009743723197506684
0.4724655819774719,0.1583094665669162,0.16152667358428055,0.009742882234124534
0.4737171464330413,0.15771980782008282,0.1608204755358291,0.009742325840034814
0.4749687108886108,0.15715839107638688,0.16008560619889686,0.00974213665280602
0.4762202753441802,0.15664208646952485,0.15934494630085191,0.009742354002826706
0.4774718397997497,0.15618789043312298,0.15862496126327263,0.009742969558009608
0.47872340425531923,0.15581209417868672,0.1579541683569475,0.009743928177635492
0.4799749687108886,0.15552953507555986,0.15736149301009567,0.009745133831070136
0.48122653316645814,0.15535294233781868,0.1568746230957926,0.009746459932290825
0.48247809762202754,0.15529237708533225,0.15651844720957503,0.009747762999671351
0.48372966207759704,0.1553547599198586,0.1563136353451239,0.009748898212149373
0.48498122653316644,0.15554347721745565,0.15627539528122245,0.009749735232197788
0.48623279098873595,0.15585806017991466,0.15641242120761037,0.009750172628043608
0.48748435544430546,0.15629393737203942,0.15672604603384807,0.00975014936309763
0.48873591989987486,0.15684227046567595,0.15720961609832218,0.009749652121588364
0.48998748435544437,0.1574898922997122,0.15784812454667696,0.009748717677130914
0.49123904881101377,0.1582193741076348,0.15861816279088506,0.009747430037566082
0.4924906132665833,0.15900925297288152,0.15948827107712352,0.009745912653952651
0.4937421777221527,0.15983444977243053,0.16041978020136916,0.00974431649918519
0.4949937421777222,0.1606669012150748,0.16136822690656716,0.009742805243602408
0.4962453066332917,0.16147641699872814,0.1622853869584663,0.009741539037231262
0.4974968710888611,0.16223175535254492,0.1631218985673954,0.009740658527059668
0.4987484355444306,0.16290188882646414,0.16383034949261735,0.009740270689878414
0.5,0.16345740931441954,0.16436858978064772,0.009740437861633172
